序号,学校名称,主管部门,省份,城市,985,211,双一流,类型,层次,性质,状态,id,错误信息,日期
1,北京大学,教育部,北京,北京,985,211,双一流,综合,本科,公办,,31,未找到院校标题,2026/6/15
2,中国人民大学,教育部,北京,北京,985,211,双一流,综合,本科,公办,,46,"Page.bring_to_front: Target page, context or browser has been closed",2026/6/15
3,清华大学,教育部,北京,北京,985,211,双一流,综合,本科,公办,,140,"Page.bring_to_front: Target page, context or browser has been closed",2026/6/15
4,北京交通大学,教育部,北京,北京,,211,双一流,理工,本科,公办,,38,"Page.bring_to_front: Target page, context or browser has been closed",2026/6/15
5,北京工业大学,北京市,北京,北京,,211,双一流,理工,本科,公办,,30,"Page.bring_to_front: Target page, context or browser has been closed",2026/6/15
6,北京航空航天大学,工业和信息化部,北京,北京,985,211,双一流,理工,本科,公办,,47,"Page.bring_to_front: Target page, context or browser has been closed",2026/6/15
7,北京理工大学,工业和信息化部,北京,北京,985,211,双一流,理工,本科,公办,,143,"Page.bring_to_front: Target page, context or browser has been closed",2026/6/15
8,北京科技大学,教育部,北京,北京,,211,双一流,理工,本科,公办,,144,,2026/6/15
9,北方工业大学,北京市,北京,北京,,,,理工,本科,公办,,561,年份=年份,2026/6/15
10,北京化工大学,教育部,北京,北京,,211,双一流,理工,本科,公办,,556,未找到院校标题,2026/6/15
11,北京工商大学,北京市,北京,北京,,,,财经,本科,公办,,570,,2026/6/15
12,北京服装学院,北京市,北京,北京,,,,艺术,本科,公办,,567,,2026/6/15
13,北京邮电大学,教育部,北京,北京,,211,双一流,理工,本科,公办,,48,,2026/6/15
14,北京印刷学院,北京市,北京,北京,,,,理工,本科,公办,,590,未找到院校标题,2026/6/15
15,北京建筑大学,北京市,北京,北京,,,,理工,本科,公办,,572,,2026/6/15
16,北京石油化工学院,北京市,北京,北京,,,,0,本科,公办,,580,,2026/6/15
17,北京电子科技学院,中央办公厅,北京,北京,,,,理工,本科,公办,,565,,2026/6/15
18,中国农业大学,教育部,北京,北京,985,211,双一流,农林,本科,公办,,557,,2026/6/15
19,北京农学院,北京市,北京,北京,,,,0,本科,公办,,578,年份=年份,2026/6/15
20,北京林业大学,教育部,北京,北京,,211,双一流,农林,本科,公办,,43,,2026/6/15
21,北京协和医学院,国家卫生健康委员会,北京,北京,,,双一流,医药,本科,公办,,573,年份=年份,2026/6/15
22,首都医科大学,北京市,北京,北京,,,,医药,本科,公办,,584,年份=年份,2026/6/15
23,北京中医药大学,教育部,北京,北京,,211,双一流,医药,本科,公办,,49,,2026/6/15
24,北京师范大学,教育部,北京,北京,985,211,双一流,师范,本科,公办,,52,,2026/6/15
25,首都师范大学,北京市,北京,北京,,,双一流,师范,本科,公办,,589,,2026/6/15
26,首都体育学院,北京市,北京,北京,,,,体育,本科,公办,,587,,2026/6/15
27,北京外国语大学,教育部,北京,北京,,211,双一流,语言,本科,公办,,39,,2026/6/15
28,北京第二外国语学院,北京市,北京,北京,,,,语言,本科,公办,,2614,,2026/6/15
29,北京语言大学,教育部,北京,北京,,,,语言,本科,公办,,592,,2026/6/15
30,中国传媒大学,教育部,北京,北京,,211,双一流,综合,本科,公办,,558,,2026/6/15
31,中央财经大学,教育部,北京,北京,,211,双一流,财经,本科,公办,,566,,2026/6/15
32,对外经济贸易大学,教育部,北京,北京,,211,双一流,财经,本科,公办,,53,,2026/6/15
33,北京物资学院,北京市,北京,北京,,,,财经,本科,公办,,586,,2026/6/15
34,首都经济贸易大学,北京市,北京,北京,,,,财经,本科,公办,,875,,2026/6/15
35,中国消防救援学院,应急管理部,北京,北京,,,,0,本科,公办,,3428,,2026/6/15
36,外交学院,外交部,北京,北京,,,双一流,语言,本科,公办,,581,,2026/6/15
37,中国人民公安大学,公安部,北京,北京,,,双一流,政法,本科,公办,,576,,2026/6/15
38,国际关系学院,教育部,北京,北京,,,,政法,本科,公办,,594,批次=本科提前批,2026/6/15
39,北京体育大学,国家体育总局,北京,北京,,211,双一流,体育,本科,公办,,866,,2026/6/15
40,中央音乐学院,教育部,北京,北京,,211,双一流,艺术,本科,公办,,40,,2026/6/15
41,中国音乐学院,北京市,北京,北京,,,双一流,艺术,本科,公办,,571,,2026/6/15
42,中央美术学院,教育部,北京,北京,,,双一流,艺术,本科,公办,,564,,2026/6/15
43,中央戏剧学院,教育部,北京,北京,,,双一流,艺术,本科,公办,,562,,2026/6/15
44,中国戏曲学院,北京市,北京,北京,,,,艺术,本科,公办,,574,,2026/6/15
45,北京电影学院,北京市,北京,北京,,,,艺术,本科,公办,,563,,2026/6/15
46,北京舞蹈学院,北京市,北京,北京,,,,0,本科,公办,,585,年份=年份,2026/6/15
47,中央民族大学,国家民委,北京,北京,985,211,双一流,民族,本科,公办,,45,,2026/6/15
48,中国政法大学,教育部,北京,北京,,211,双一流,政法,本科,公办,,569,,2026/6/15
49,华北电力大学,教育部,北京,北京,,211,双一流,理工,本科,公办,,831,,2026/6/15
50,中华女子学院,中华妇女联合会,北京,北京,,,,0,本科,公办,,568,,2026/6/15
51,北京信息科技大学,北京市,北京,北京,,,,理工,本科,公办,,879,,2026/6/15
52,中国矿业大学（北京）,教育部,北京,北京,,211,双一流,理工,本科,公办,,1006,,2026/6/15
53,中国石油大学（北京）,教育部,北京,北京,,211,双一流,理工,本科,公办,,832,,2026/6/15
54,中国地质大学（北京）,教育部,北京,北京,,211,双一流,理工,本科,公办,,830,,2026/6/15
55,北京联合大学,北京市,北京,北京,,,,综合,本科,公办,,575,,2026/6/15
56,中国青年政治学院,共青团中央,北京,北京,,,,0,本科,公办,,577,省份=,2026/6/15
57,首钢工学院,北京市,北京,北京,,,,0,本科,公办,,583,年份=年份,2026/6/15
58,中国劳动关系学院,中华全国总工会,北京,北京,,,,0,本科,公办,,579,,2026/6/15
59,北京警察学院,北京市,北京,北京,,,,0,本科,公办,,3042,年份=年份,2026/6/15
60,中国科学院大学,中国科学院,北京,北京,,,双一流,理工,本科,公办,,3145,,2026/6/15
61,中国社会科学院大学,中国社会科学院,北京,北京,,,,综合,本科,公办,,3254,,2026/6/15
62,北京科技职业大学,北京市,北京,北京,,,,,本科,公办,,818,,2026/6/15
63,民政职业大学,民政部,北京,北京,,,,0,本科,公办,,2294,,2026/6/15
64,南开大学,教育部,天津,天津,985,211,双一流,综合,本科,公办,,59,,2026/6/15
65,天津大学,教育部,天津,天津,985,211,双一流,理工,本科,公办,,60,,2026/6/15
66,天津科技大学,天津市,天津,天津,,,,理工,本科,公办,,82,,2026/6/15
67,天津工业大学,天津市,天津,天津,,,双一流,理工,本科,公办,,80,,2026/6/15
68,中国民航大学,交通运输部（中国民用航空局）,天津,天津,,,,理工,本科,公办,,88,,2026/6/15
69,天津理工大学,天津市,天津,天津,,,,理工,本科,公办,,81,,2026/6/15
70,天津农学院,天津市,天津,天津,,,,0,本科,公办,,93,,2026/6/15
71,天津医科大学,天津市,天津,天津,,211,双一流,医药,本科,公办,,78,,2026/6/15
72,天津中医药大学,天津市,天津,天津,,,双一流,医药,本科,公办,,89,,2026/6/15
73,天津师范大学,天津市,天津,天津,,,,师范,本科,公办,,79,,2026/6/15
74,天津职业技术师范大学,天津市,天津,天津,,,,0,本科,公办,,90,,2026/6/15
75,天津外国语大学,天津市,天津,天津,,,,语言,本科,公办,,87,,2026/6/15
76,天津商业大学,天津市,天津,天津,,,,0,本科,公办,,85,,2026/6/15
77,天津财经大学,天津市,天津,天津,,,,财经,本科,公办,,84,,2026/6/15
78,天津体育学院,天津市,天津,天津,,,,体育,本科,公办,,92,,2026/6/15
79,天津音乐学院,天津市,天津,天津,,,,0,本科,公办,,94,省份=,2026/6/15
80,天津美术学院,天津市,天津,天津,,,,0,本科,公办,,95,科类=历史类,2026/6/15
81,天津城建大学,天津市,天津,天津,,,,0,本科,公办,,91,,2026/6/15
82,天津中德应用技术大学,天津市,天津,天津,,,,0,本科,公办,,858,年份=年份,2026/6/15
83,天津职业大学,,天津,天津,,,,,本科,公办,,846,批次=专科批,2026/6/15
84,天津警察学院,天津市,天津,天津,,,,,本科,公办,,840,,2026/6/15
85,河北大学,河北省,河北,保定,,,,综合,本科,公办,,54,年份=年份,2026/6/15
86,河北工程大学,河北省,河北,邯郸,,,,理工,本科,公办,,602,,2026/6/15
87,河北地质大学,河北省,河北,石家庄,,,,0,本科,公办,,606,,2026/6/15
88,河北工业大学,河北省,天津,天津,,211,双一流,理工,本科,公办,,41,,2026/6/15
89,华北理工大学,河北省,河北,唐山,,,,综合,本科,公办,,597,,2026/6/15
90,河北科技大学,河北省,河北,石家庄,,,,理工,本科,公办,,55,年份=年份,2026/6/15
91,河北建筑工程学院,河北省,河北,张家口,,,,0,本科,公办,,603,年份=年份,2026/6/15
92,河北水利电力学院,河北省,河北,沧州,,,,0,本科,公办,,688,年份=年份,2026/6/15
93,河北农业大学,河北省,河北,保定,,,,农林,本科,公办,,598,年份=年份,2026/6/15
94,河北医科大学,河北省,河北,石家庄,,,,医药,本科,公办,,596,,2026/6/15
95,河北北方学院,河北省,河北,张家口,,,,0,本科,公办,,601,,2026/6/15
96,承德医学院,河北省,河北,承德,,,,0,本科,公办,,600,,2026/6/15
97,河北师范大学,河北省,河北,石家庄,,,,师范,本科,公办,,595,,2026/6/15
98,保定学院,河北省,河北,保定,,,,0,本科,公办,,650,年份=年份,2026/6/15
99,河北民族师范学院,河北省,河北,承德,,,,0,本科,公办,,691,年份=年份,2026/6/15
100,唐山师范学院,河北省,河北,唐山,,,,0,本科,公办,,624,年份=年份,2026/6/15
101,廊坊师范学院,河北省,河北,廊坊,,,,0,本科,公办,,625,年份=年份,2026/6/15
102,衡水学院,河北省,河北,衡水,,,,0,本科,公办,,627,,2026/6/15
103,石家庄学院,河北省,河北,石家庄,,,,0,本科,公办,,628,年份=年份,2026/6/15
104,邯郸学院,河北省,河北,邯郸,,,,0,本科,公办,,629,,2026/6/15
105,邢台学院,河北省,河北,邢台,,,,0,本科,公办,,609,,2026/6/15
106,沧州师范学院,河北省,河北,沧州,,,,0,本科,公办,,651,,2026/6/15
107,石家庄铁道大学,河北省,河北,石家庄,,,,理工,本科,公办,,607,,2026/6/15
108,燕山大学,河北省,河北,秦皇岛,,,,理工,本科,公办,,599,,2026/6/15
109,河北科技师范学院,河北省,河北,秦皇岛,,,,0,本科,公办,,1258,年份=年份,2026/6/15
110,唐山学院,河北省,河北,唐山,,,,0,本科,公办,,608,年份=年份,2026/6/15
111,应急管理大学,,河北,廊坊,,,,,本科,公办,,3831,省份=,2026/6/15
112,中国人民警察大学,公安部,河北,廊坊,,,,政法,本科,公办,,610,,2026/6/15
113,河北体育学院,河北省,河北,石家庄,,,,0,本科,公办,,626,年份=年份,2026/6/15
114,河北金融学院,河北省,河北,保定,,,,0,本科,公办,,692,,2026/6/15
115,北华航天工业学院,河北省,河北,廊坊,,,,0,本科,公办,,687,,2026/6/15
116,河北经贸大学,河北省,河北,石家庄,,,,0,本科,公办,,56,年份=年份,2026/6/15
117,中央司法警官学院,司法部,河北,保定,,,,0,本科,公办,,611,批次=本科提前批,2026/6/15
118,河北工业职业技术大学,河北省,河北,石家庄,,,,0,本科,公办,,698,,2026/6/15
119,河北科技工程职业技术大学,河北省,河北,邢台,,,,0,本科,公办,,697,,2026/6/15
120,河北石油职业技术大学,河北省,河北,承德,,,,0,本科,公办,,689,,2026/6/15
121,河北中医药大学,河北省,河北,石家庄,,,,0,本科,公办,,3055,,2026/6/15
122,张家口学院,河北省,河北,张家口,,,,0,本科,公办,,2902,年份=年份,2026/6/15
123,河北环境工程学院,河北省,河北,秦皇岛,,,,0,本科,公办,,2855,,2026/6/15
124,唐山工业职业技术大学,河北省,河北,唐山,,,,0,本科,公办,,720,年份=年份,2026/6/15
125,邢台医学院,河北省,河北,邢台,,,,0,本科,公办,,690,,2026/6/15
126,山西大学,山西省,山西,太原,,,双一流,综合,本科,公办,,262,,2026/6/15
127,太原科技大学,山西省,山西,太原,,,,理工,本科,公办,,278,,2026/6/15
128,中北大学,山西省,山西,太原,,,,理工,本科,公办,,277,,2026/6/15
129,太原理工大学,山西省,山西,太原,,211,双一流,理工,本科,公办,,139,,2026/6/15
130,山西农业大学,山西省,山西,晋中,,,,农林,本科,公办,,269,,2026/6/15
131,山西医科大学,山西省,山西,太原,,,,医药,本科,公办,,271,,2026/6/15
132,长治医学院,山西省,山西,长治,,,,0,本科,公办,,279,,2026/6/15
133,山西师范大学,山西省,山西,太原,,,,师范,本科,公办,,272,,2026/6/15
134,太原师范学院,山西省,山西,太原,,,,0,本科,公办,,282,年份=年份,2026/6/15
135,山西大同大学,山西省,山西,大同,,,,0,本科,公办,,281,,2026/6/15
136,晋中学院,山西省,山西,晋中,,,,0,本科,公办,,921,年份=年份,2026/6/15
137,长治学院,山西省,山西,长治,,,,0,本科,公办,,1257,年份=年份,2026/6/15
138,运城学院,山西省,山西,运城,,,,0,本科,公办,,920,年份=年份,2026/6/15
139,忻州师范学院,山西省,山西,忻州,,,,0,本科,公办,,280,,2026/6/15
140,山西财经大学,山西省,山西,太原,,,,财经,本科,公办,,275,,2026/6/15
141,山西中医药大学,山西省,山西,太原,,,,0,本科,公办,,919,,2026/6/15
142,吕梁学院,山西省,山西,吕梁,,,,0,本科,公办,,1638,,2026/6/15
143,太原学院,山西省,山西,太原,,,,0,本科,公办,,1642,,2026/6/15
144,山西警察学院,山西省,山西,太原,,,,0,本科,公办,,1640,年份=年份,2026/6/15
145,山西工程科技职业大学,山西省,山西,太原,,,,0,本科,公办,,1665,年份=年份,2026/6/15
146,山西工学院,山西省,山西,朔州,,,,0,本科,公办,,2325,,2026/6/15
147,山西电子科技学院,山西省,山西,临汾,,,,0,本科,公办,,2327,,2026/6/15
148,山西科技学院,山西省,山西,晋城,,,,0,本科,公办,,2329,,2026/6/15
149,太原工业学院,山西省,山西,太原,,,,0,本科,公办,,1134,,2026/6/15
150,山西传媒学院,山西省,山西,太原,,,,0,本科,公办,,2862,,2026/6/15
151,山西工程技术学院,山西省,山西,阳泉,,,,0,本科,公办,,1650,,2026/6/15
152,山西能源学院,山西省,山西,晋中,,,,0,本科,公办,,3064,年份=年份,2026/6/15
153,山西文化旅游职业大学,山西省,山西,太原,,,,,本科,公办,,1644,年份=年份,2026/6/15
154,内蒙古大学,内蒙古自治区,内蒙古,呼和浩特,,211,双一流,综合,本科,公办,,32,,2026/6/15
155,内蒙古科技大学,内蒙古自治区,内蒙古,包头,,,,综合,本科,公办,,505,,2026/6/15
156,内蒙古工业大学,内蒙古自治区,内蒙古,呼和浩特,,,,理工,本科,公办,,508,,2026/6/15
157,内蒙古农业大学,内蒙古自治区,内蒙古,呼和浩特,,,,农林,本科,公办,,517,,2026/6/15
158,内蒙古医科大学,内蒙古自治区,内蒙古,呼和浩特,,,,0,本科,公办,,525,,2026/6/15
159,内蒙古师范大学,内蒙古自治区,内蒙古,呼和浩特,,,,师范,本科,公办,,519,,2026/6/15
160,内蒙古民族大学,内蒙古自治区,内蒙古,通辽,,,,0,本科,公办,,506,,2026/6/15
161,赤峰大学,,内蒙古,赤峰,,,,,本科,公办,,1042,年份=年份,2026/6/15
162,内蒙古财经大学,内蒙古自治区,内蒙古,呼和浩特,,,,0,本科,公办,,529,年份=年份,2026/6/15
163,呼伦贝尔学院,内蒙古自治区,内蒙古,呼伦贝尔,,,,0,本科,公办,,1242,年份=年份,2026/6/15
164,集宁师范学院,内蒙古自治区,内蒙古,乌兰察布,,,,0,本科,公办,,1550,年份=年份,2026/6/15
165,河套学院,内蒙古自治区,内蒙古,巴彦淖尔,,,,0,本科,公办,,1624,年份=年份,2026/6/15
166,呼和浩特民族学院,内蒙古自治区,内蒙古,呼和浩特,,,,0,本科,公办,,2316,年份=年份,2026/6/15
167,内蒙古艺术学院,内蒙古自治区,内蒙古,呼和浩特,,,,0,本科,公办,,3215,年份=年份,2026/6/15
168,鄂尔多斯应用技术学院,内蒙古自治区,内蒙古,鄂尔多斯,,,,0,本科,公办,,3271,年份=年份,2026/6/15
169,内蒙古建筑职业技术大学,内蒙古自治区,内蒙古,呼和浩特,,,,,本科,公办,,1574,年份=年份,2026/6/15
170,兴安职业技术大学,内蒙古自治区,内蒙古,兴安,,,,,本科,公办,,1625,年份=年份,2026/6/15
171,呼和浩特职业技术大学,内蒙古自治区,内蒙古,呼和浩特,,,,,本科,公办,,1626,年份=年份,2026/6/15
172,内蒙古警察学院,内蒙古自治区,内蒙古,呼和浩特,,,,,本科,公办,,1629,年份=年份,2026/6/15
173,辽宁大学,辽宁省,辽宁,沈阳,,211,双一流,综合,本科,公办,,50,,2026/6/15
174,大连理工大学,教育部,辽宁,大连,985,211,双一流,理工,本科,公办,,138,,2026/6/15
175,沈阳工业大学,辽宁省,辽宁,沈阳,,,,理工,本科,公办,,227,,2026/6/15
176,沈阳航空航天大学,辽宁省,辽宁,沈阳,,,,理工,本科,公办,,209,,2026/6/15
177,沈阳理工大学,辽宁省,辽宁,沈阳,,,,理工,本科,公办,,217,,2026/6/15
178,东北大学,教育部,辽宁,沈阳,985,211,双一流,理工,本科,公办,,134,,2026/6/15
179,辽宁科技大学,辽宁省,辽宁,鞍山,,,,理工,本科,公办,,222,,2026/6/15
180,辽宁工程技术大学,辽宁省,辽宁,阜新,,,,理工,本科,公办,,786,,2026/6/15
181,辽宁石油化工大学,辽宁省,辽宁,抚顺,,,,理工,本科,公办,,223,,2026/6/15
182,沈阳化工大学,辽宁省,辽宁,沈阳,,,,理工,本科,公办,,215,,2026/6/15
183,大连交通大学,辽宁省,辽宁,大连,,,,理工,本科,公办,,220,,2026/6/15
184,大连海事大学,交通运输部,辽宁,大连,,211,双一流,理工,本科,公办,,33,,2026/6/15
185,大连工业大学,辽宁省,辽宁,大连,,,,理工,本科,公办,,211,,2026/6/15
186,沈阳建筑大学,辽宁省,辽宁,沈阳,,,,理工,本科,公办,,212,,2026/6/15
187,辽宁工业大学,辽宁省,辽宁,锦州,,,,0,本科,公办,,213,年份=年份,2026/6/15
188,沈阳农业大学,辽宁省,辽宁,沈阳,,,,农林,本科,公办,,228,,2026/6/15
189,大连海洋大学,辽宁省,辽宁,大连,,,,农林,本科,公办,,210,,2026/6/15
190,中国医科大学,辽宁省,辽宁,沈阳,,,,医药,本科,公办,,230,,2026/6/15
191,锦州医科大学,辽宁省,辽宁,锦州,,,,0,本科,公办,,207,,2026/6/15
192,大连医科大学,辽宁省,辽宁,大连,,,,医药,本科,公办,,219,,2026/6/15
193,辽宁中医药大学,辽宁省,辽宁,沈阳,,,,医药,本科,公办,,205,,2026/6/15
194,沈阳药科大学,辽宁省,辽宁,沈阳,,,,医药,本科,公办,,226,,2026/6/15
195,沈阳医学院,辽宁省,辽宁,沈阳,,,,0,本科,公办,,202,,2026/6/15
196,辽宁师范大学,辽宁省,辽宁,大连,,,,师范,本科,公办,,225,,2026/6/15
197,沈阳师范大学,辽宁省,辽宁,沈阳,,,,师范,本科,公办,,221,,2026/6/15
198,渤海大学,辽宁省,辽宁,锦州,,,,综合,本科,公办,,214,,2026/6/15
199,鞍山师范学院,辽宁省,辽宁,鞍山,,,,0,本科,公办,,204,,2026/6/15
200,大连外国语大学,辽宁省,辽宁,大连,,,,语言,本科,公办,,216,,2026/6/15
201,东北财经大学,辽宁省,辽宁,大连,,,,财经,本科,公办,,229,,2026/6/15
202,中国刑事警察学院,公安部,辽宁,沈阳,,,,政法,本科,公办,,201,,2026/6/15
203,沈阳体育学院,辽宁省,辽宁,沈阳,,,,0,本科,公办,,203,,2026/6/15
204,沈阳音乐学院,辽宁省,辽宁,沈阳,,,,0,本科,公办,,206,,2026/6/15
205,鲁迅美术学院,辽宁省,辽宁,沈阳,,,,0,本科,公办,,200,年份=年份,2026/6/15
206,沈阳大学,辽宁省,辽宁,沈阳,,,,0,本科,公办,,224,,2026/6/15
207,大连大学,辽宁省,辽宁,大连,,,,综合,本科,公办,,218,,2026/6/15
208,辽宁科技学院,辽宁省,辽宁,本溪,,,,0,本科,公办,,1067,年份=年份,2026/6/15
209,辽宁警察学院,辽宁省,辽宁,大连,,,,0,本科,公办,,1212,年份=年份,2026/6/15
210,沈阳工程学院,辽宁省,辽宁,沈阳,,,,0,本科,公办,,1041,,2026/6/15
211,辽东学院,辽宁省,辽宁,丹东,,,,0,本科,公办,,188,年份=年份,2026/6/15
212,大连民族大学,国家民委,辽宁,大连,,,,0,本科,公办,,208,,2026/6/15
213,营口理工学院,辽宁省,辽宁,营口,,,,0,本科,公办,,3061,年份=年份,2026/6/15
214,朝阳师范学院,辽宁省,辽宁,朝阳,,,,0,本科,公办,,1671,年份=年份,2026/6/15
215,吉林大学,教育部,吉林,长春,985,211,双一流,综合,本科,公办,,122,,2026/6/15
216,延边大学,吉林省,吉林,延边,,211,双一流,综合,本科,公办,,129,,2026/6/15
217,长春理工大学,吉林省,吉林,长春,,,,理工,本科,公办,,379,,2026/6/15
218,东北电力大学,吉林省,吉林,吉林市,,,,理工,本科,公办,,393,,2026/6/15
219,长春工业大学,吉林省,吉林,长春,,,,理工,本科,公办,,381,,2026/6/15
220,吉林建筑大学,吉林省,吉林,长春,,,,0,本科,公办,,395,,2026/6/15
221,吉林化工大学,吉林省,吉林,吉林市,,,,,本科,公办,,400,年份=年份,2026/6/15
222,吉林农业大学,吉林省,吉林,长春,,,,农林,本科,公办,,384,,2026/6/15
223,长春中医药大学,吉林省,吉林,长春,,,,医药,本科,公办,,404,,2026/6/15
224,东北师范大学,教育部,吉林,长春,,211,双一流,师范,本科,公办,,142,,2026/6/15
225,北华大学,吉林省,吉林,吉林市,,,,综合,本科,公办,,374,,2026/6/15
226,通化师范学院,吉林省,吉林,通化,,,,0,本科,公办,,408,年份=年份,2026/6/15
227,吉林师范大学,吉林省,吉林,四平,,,,师范,本科,公办,,390,,2026/6/15
228,吉林工程技术师范学院,吉林省,吉林,长春,,,,0,本科,公办,,405,年份=年份,2026/6/15
229,长春师范大学,吉林省,吉林,长春,,,,0,本科,公办,,387,,2026/6/15
230,白城师范学院,吉林省,吉林,白城,,,,0,本科,公办,,410,,2026/6/15
231,吉林财经大学,吉林省,吉林,长春,,,,财经,本科,公办,,412,,2026/6/15
232,吉林体育学院,吉林省,吉林,长春,,,,0,本科,公办,,413,年份=年份,2026/6/15
233,吉林艺术学院,吉林省,吉林,长春,,,,0,本科,公办,,1291,年份=年份,2026/6/15
234,吉林工商学院,吉林省,吉林,长春,,,,0,本科,公办,,1604,,2026/6/15
235,长春工程学院,吉林省,吉林,长春,,,,0,本科,公办,,394,,2026/6/15
236,吉林农业科技学院,吉林省,吉林,吉林市,,,,0,本科,公办,,1014,,2026/6/15
237,吉林警察学院,吉林省,吉林,长春,,,,0,本科,公办,,1606,年份=年份,2026/6/15
238,长春大学,吉林省,吉林,长春,,,,0,本科,公办,,377,,2026/6/15
239,吉林医药学院,吉林省,吉林,吉林市,,,,0,本科,公办,,1047,年份=年份,2026/6/15
240,长春汽车职业技术大学,吉林省,吉林,长春,,,,0,本科,公办,,1546,,2026/6/15
241,长春职业技术大学,吉林省,吉林,长春,,,,,本科,公办,,1616,年份=年份,2026/6/15
242,吉林铁道职业技术大学,吉林省,吉林,吉林市,,,,,本科,公办,,1618,,2026/6/15
243,黑龙江大学,黑龙江省,黑龙江,哈尔滨,,,,综合,本科,公办,,421,,2026/6/15
244,哈尔滨工业大学,工业和信息化部,黑龙江,哈尔滨,985,211,双一流,理工,本科,公办,,34,,2026/6/15
245,哈尔滨理工大学,黑龙江省,黑龙江,哈尔滨,,,,理工,本科,公办,,426,,2026/6/15
246,哈尔滨工程大学,工业和信息化部,黑龙江,哈尔滨,,211,双一流,理工,本科,公办,,124,,2026/6/15
247,黑龙江科技大学,黑龙江省,黑龙江,哈尔滨,,,,0,本科,公办,,450,,2026/6/15
248,东北石油大学,黑龙江省,黑龙江,大庆,,,,理工,本科,公办,,446,,2026/6/15
249,佳木斯大学,黑龙江省,黑龙江,佳木斯,,,,0,本科,公办,,422,,2026/6/15
250,黑龙江八一农垦大学,黑龙江省,黑龙江,大庆,,,,农林,本科,公办,,427,年份=年份,2026/6/15
251,东北农业大学,黑龙江省,黑龙江,哈尔滨,,211,双一流,农林,本科,公办,,137,,2026/6/15
252,东北林业大学,教育部,黑龙江,哈尔滨,,211,双一流,农林,本科,公办,,419,,2026/6/15
253,哈尔滨医科大学,黑龙江省,黑龙江,哈尔滨,,,,医药,本科,公办,,429,,2026/6/15
254,黑龙江中医药大学,黑龙江省,黑龙江,哈尔滨,,,,医药,本科,公办,,441,,2026/6/15
255,牡丹江医科大学,黑龙江省,黑龙江,牡丹江,,,,0,本科,公办,,453,,2026/6/15
256,哈尔滨师范大学,黑龙江省,黑龙江,哈尔滨,,,,师范,本科,公办,,1062,,2026/6/15
257,齐齐哈尔大学,黑龙江省,黑龙江,齐齐哈尔,,,,综合,本科,公办,,424,,2026/6/15
258,牡丹江师范学院,黑龙江省,黑龙江,牡丹江,,,,0,本科,公办,,442,,2026/6/15
259,哈尔滨学院,黑龙江省,黑龙江,哈尔滨,,,,0,本科,公办,,447,,2026/6/15
260,大庆师范学院,黑龙江省,黑龙江,大庆,,,,0,本科,公办,,1012,年份=年份,2026/6/15
261,绥化学院,黑龙江省,黑龙江,绥化,,,,0,本科,公办,,1063,年份=年份,2026/6/15
262,哈尔滨商业大学,黑龙江省,黑龙江,哈尔滨,,,,财经,本科,公办,,444,,2026/6/15
263,哈尔滨体育学院,黑龙江省,黑龙江,哈尔滨,,,,0,本科,公办,,2189,,2026/6/15
264,哈尔滨金融学院,黑龙江省,黑龙江,哈尔滨,,,,0,本科,公办,,711,,2026/6/15
265,齐齐哈尔医学院,黑龙江省,黑龙江,齐齐哈尔,,,,0,本科,公办,,454,,2026/6/15
266,黑龙江工业学院,黑龙江省,黑龙江,鸡西,,,,0,本科,公办,,765,年份=年份,2026/6/15
267,黑龙江工程学院,黑龙江省,黑龙江,哈尔滨,,,,0,本科,公办,,449,,2026/6/15
268,黑河学院,黑龙江省,黑龙江,黑河,,,,0,本科,公办,,1045,,2026/6/15
269,哈尔滨音乐学院,黑龙江省,黑龙江,哈尔滨,,,,0,本科,公办,,3270,年份=年份,2026/6/15
270,哈尔滨建筑科技职业大学,,黑龙江,哈尔滨,,,,,本科,公办,,715,,2026/6/15
271,黑龙江农业工程职业技术大学,,黑龙江,哈尔滨,,,,,本科,公办,,738,,2026/6/15
272,哈尔滨职业技术大学,黑龙江省,黑龙江,哈尔滨,,,,0,本科,公办,,713,,2026/6/15
273,复旦大学,教育部,上海,上海,985,211,双一流,综合,本科,公办,,132,,2026/6/15
274,同济大学,教育部,上海,上海,985,211,双一流,理工,本科,公办,,73,,2026/6/15
275,上海交通大学,教育部,上海,上海,985,211,双一流,综合,本科,公办,,125,,2026/6/15
276,华东理工大学,教育部,上海,上海,,211,双一流,理工,本科,公办,,133,,2026/6/15
277,上海理工大学,上海市,上海,上海,,,,理工,本科,公办,,307,,2026/6/15
278,上海海事大学,上海市,上海,上海,,,,理工,本科,公办,,313,,2026/6/15
279,东华大学,教育部,上海,上海,,211,双一流,理工,本科,公办,,135,,2026/6/15
280,上海电力大学,上海市,上海,上海,,,,理工,本科,公办,,317,,2026/6/15
281,上海应用技术大学,上海市,上海,上海,,,,0,本科,公办,,315,,2026/6/15
282,上海健康医学院,上海市,上海,上海,,,,0,本科,公办,,3194,,2026/6/15
283,上海海洋大学,上海市,上海,上海,,,双一流,农林,本科,公办,,309,,2026/6/15
284,上海中医药大学,上海市,上海,上海,,,双一流,医药,本科,公办,,310,年份=年份,2026/6/15
285,华东师范大学,教育部,上海,上海,985,211,双一流,师范,本科,公办,,131,,2026/6/15
286,上海师范大学,上海市,上海,上海,,,,师范,本科,公办,,311,,2026/6/15
287,上海外国语大学,教育部,上海,上海,,211,双一流,语言,本科,公办,,136,,2026/6/15
288,上海财经大学,教育部,上海,上海,,211,双一流,财经,本科,公办,,130,,2026/6/15
289,上海对外经贸大学,上海市,上海,上海,,,,财经,本科,公办,,318,年份=年份,2026/6/15
290,上海海关学院,海关总署,上海,上海,,,,0,本科,公办,,655,,2026/6/15
291,华东政法大学,上海市,上海,上海,,,,政法,本科,公办,,323,,2026/6/15
292,上海体育大学,上海市,上海,上海,,,,体育,本科,公办,,324,,2026/6/15
293,上海音乐学院,上海市,上海,上海,,,双一流,艺术,本科,公办,,326,,2026/6/15
294,上海戏剧学院,上海市,上海,上海,,,,艺术,本科,公办,,327,,2026/6/15
295,上海大学,上海市,上海,上海,,211,双一流,综合,本科,公办,,76,,2026/6/15
296,上海公安学院,上海市,上海,上海,,,,0,本科,公办,,3338,年份=年份,2026/6/15
297,上海工程技术大学,上海市,上海,上海,,,,理工,本科,公办,,308,,2026/6/15
298,上海立信会计金融学院,上海市,上海,上海,,,,0,本科,公办,,320,,2026/6/15
299,上海电机学院,上海市,上海,上海,,,,0,本科,公办,,1092,,2026/6/15
300,上海政法学院,上海市,上海,上海,,,,0,本科,公办,,1011,,2026/6/15
301,上海第二工业大学,上海市,上海,上海,,,,0,本科,公办,,312,,2026/6/15
302,上海商学院,上海市,上海,上海,,,,0,本科,公办,,1010,,2026/6/15
303,上海科技大学,上海市 中国科学院,上海,上海,,,双一流,理工,本科,公办,,3151,年份=年份,2026/6/15
304,南京大学,教育部,江苏,南京,985,211,双一流,综合,本科,公办,,111,,2026/6/15
305,苏州大学,江苏省,江苏,苏州,,211,双一流,综合,本科,公办,,118,,2026/6/15
306,东南大学,教育部,江苏,南京,985,211,双一流,综合,本科,公办,,109,,2026/6/15
307,南京航空航天大学,工业和信息化部,江苏,南京,,211,双一流,理工,本科,公办,,77,,2026/6/15
308,南京理工大学,工业和信息化部,江苏,南京,,211,双一流,理工,本科,公办,,112,,2026/6/15
309,江苏科技大学,江苏省,江苏,镇江,,,,理工,本科,公办,,161,,2026/6/15
310,中国矿业大学,教育部,江苏,徐州,,211,双一流,理工,本科,公办,,110,,2026/6/15
311,南京工业大学,江苏省,江苏,南京,,,,理工,本科,公办,,171,,2026/6/15
312,常州大学,江苏省,江苏,常州,,,,理工,本科,公办,,156,,2026/6/15
313,南京邮电大学,江苏省,江苏,南京,,,双一流,理工,本科,公办,,160,,2026/6/15
314,河海大学,教育部,江苏,南京,,211,双一流,理工,本科,公办,,116,,2026/6/15
315,江南大学,教育部,江苏,无锡,,211,双一流,综合,本科,公办,,86,,2026/6/15
316,南京林业大学,江苏省,江苏,南京,,,双一流,农林,本科,公办,,169,,2026/6/15
317,江苏大学,江苏省,江苏,镇江,,,,综合,本科,公办,,170,,2026/6/15
318,南京信息工程大学,江苏省,江苏,南京,,,双一流,综合,本科,公办,,166,,2026/6/15
319,南通大学,江苏省,江苏,南通,,,,综合,本科,公办,,787,,2026/6/15
320,盐城工学院,江苏省,江苏,盐城,,,,0,本科,公办,,154,,2026/6/15
321,南京农业大学,教育部,江苏,南京,,211,双一流,农林,本科,公办,,113,,2026/6/15
322,南京医科大学,江苏省,江苏,南京,,,双一流,医药,本科,公办,,168,,2026/6/15
323,徐州医科大学,江苏省,江苏,徐州,,,,医药,本科,公办,,158,年份=年份,2026/6/15
324,南京中医药大学,江苏省,江苏,南京,,,双一流,医药,本科,公办,,162,,2026/6/15
325,中国药科大学,教育部,江苏,南京,,211,双一流,医药,本科,公办,,117,,2026/6/15
326,南京师范大学,江苏省,江苏,南京,,211,双一流,师范,本科,公办,,115,,2026/6/15
327,江苏师范大学,江苏省,江苏,徐州,,,,师范,本科,公办,,167,,2026/6/15
328,淮阴师范学院,江苏省,江苏,淮安,,,,0,本科,公办,,1064,年份=年份,2026/6/15
329,盐城师范学院,江苏省,江苏,盐城,,,,0,本科,公办,,153,,2026/6/15
330,南京财经大学,江苏省,江苏,南京,,,,财经,本科,公办,,164,,2026/6/15
331,江苏警官学院,江苏省,江苏,南京,,,,0,本科,公办,,1118,,2026/6/15
332,南京体育学院,江苏省,江苏,南京,,,,0,本科,公办,,182,,2026/6/15
333,南京艺术学院,江苏省,江苏,南京,,,,艺术,本科,公办,,149,,2026/6/15
334,苏州科技大学,江苏省,江苏,苏州,,,,理工,本科,公办,,163,,2026/6/15
335,苏州工学院,江苏省,江苏,苏州,,,,,本科,公办,,1182,,2026/6/15
336,南京工业职业技术大学,江苏省,江苏,南京,,,,0,本科,公办,,1065,,2026/6/15
337,淮安大学,,江苏,淮安,,,,,本科,公办,,152,,2026/6/15
338,常州工学院,江苏省,江苏,常州,,,,0,本科,公办,,148,,2026/6/15
339,扬州大学,江苏省,江苏,扬州,,,,综合,本科,公办,,173,,2026/6/15
340,南京工程学院,江苏省,江苏,南京,,,,理工,本科,公办,,146,,2026/6/15
341,南京审计大学,江苏省,江苏,南京,,,,财经,本科,公办,,151,,2026/6/15
342,南京晓庄学院,江苏省,江苏,南京,,,,0,本科,公办,,147,,2026/6/15
343,江苏理工学院,江苏省,江苏,常州,,,,0,本科,公办,,150,,2026/6/15
344,江苏海洋大学,江苏省,江苏,连云港,,,,0,本科,公办,,3483,,2026/6/15
345,徐州工程学院,江苏省,江苏,徐州,,,,0,本科,公办,,1049,,2026/6/15
346,南京特殊教育师范学院,江苏省,江苏,南京,,,,0,本科,公办,,1140,,2026/6/15
347,南京警察学院,公安部,江苏,南京,,,,0,本科,公办,,1139,,2026/6/15
348,泰州学院,江苏省,江苏,泰州,,,,0,本科,公办,,3094,年份=年份,2026/6/15
349,金陵科技学院,江苏省,江苏,南京,,,,0,本科,公办,,1048,,2026/6/15
350,无锡学院,江苏省,江苏,无锡,,,,0,本科,公办,,1403,,2026/6/15
351,苏州城市学院,江苏省,江苏,苏州,,,,0,本科,公办,,2548,,2026/6/15
352,宿迁学院,江苏省,江苏,宿迁,,,,0,本科,公办,,1170,,2026/6/15
353,江苏第二师范学院,江苏省,江苏,南京,,,,0,本科,公办,,3149,年份=年份,2026/6/15
354,无锡职业技术大学,江苏省,江苏,无锡,,,,,本科,公办,,1435,,2026/6/15
355,江苏建筑职业技术大学,,江苏,徐州,,,,,本科,公办,,1116,,2026/6/15
356,苏州职业技术大学,江苏省,江苏,苏州,,,,,本科,公办,,1181,,2026/6/15
357,扬州职业技术大学,江苏省,江苏,扬州,,,,,本科,公办,,2538,年份=年份,2026/6/15
358,连云港师范学院,江苏省,江苏,连云港,,,,,本科,公办,,1542,,2026/6/15
359,浙江大学,教育部,浙江,杭州,985,211,双一流,综合,本科,公办,,114,,2026/6/15
360,杭州电子科技大学,浙江省,浙江,杭州,,,,理工,本科,公办,,159,,2026/6/15
361,浙江工业大学,浙江省,浙江,杭州,,,,理工,本科,公办,,242,,2026/6/15
362,浙江理工大学,浙江省,浙江,杭州,,,,理工,本科,公办,,243,,2026/6/15
363,浙江海洋大学,浙江省,浙江,舟山,,,,农林,本科,公办,,248,,2026/6/15
364,浙江农林大学,浙江省,浙江,杭州,,,,农林,本科,公办,,249,,2026/6/15
365,温州医科大学,浙江省,浙江,温州,,,,医药,本科,公办,,251,,2026/6/15
366,浙江中医药大学,浙江省,浙江,杭州,,,,医药,本科,公办,,250,,2026/6/15
367,浙江师范大学,浙江省,浙江,金华,,,,师范,本科,公办,,241,,2026/6/15
368,杭州师范大学,浙江省,浙江,杭州,,,,师范,本科,公办,,252,,2026/6/15
369,湖州师范大学,,浙江,湖州,,,,,本科,公办,,253,,2026/6/15
370,绍兴大学,,浙江,绍兴,,,,,本科,公办,,255,,2026/6/15
371,台州学院,浙江省,浙江,台州,,,,0,本科,公办,,254,年份=年份,2026/6/15
372,温州大学,浙江省,浙江,温州,,,,综合,本科,公办,,256,,2026/6/15
373,丽水学院,浙江省,浙江,丽水,,,,0,本科,公办,,1255,,2026/6/15
374,浙江工商大学,浙江省,浙江,杭州,,,,财经,本科,公办,,257,,2026/6/15
375,嘉兴大学,浙江省,浙江,嘉兴,,,,0,本科,公办,,244,,2026/6/15
376,中国美术学院,浙江省,浙江,杭州,,,双一流,艺术,本科,公办,,259,,2026/6/15
377,中国计量大学,浙江省,浙江,杭州,,,,理工,本科,公办,,247,,2026/6/15
378,浙江万里学院,浙江省,浙江,宁波,,,,0,本科,公办,,260,,2026/6/15
379,浙江科技大学,浙江省,浙江,杭州,,,,0,本科,公办,,246,,2026/6/15
380,宁波工程学院,浙江省,浙江,宁波,,,,0,本科,公办,,1189,,2026/6/15
381,浙江水利水电学院,浙江省,浙江,杭州,,,,0,本科,公办,,1364,年份=年份,2026/6/15
382,浙江财经大学,浙江省,浙江,杭州,,,,财经,本科,公办,,258,,2026/6/15
383,浙江警察学院,浙江省,浙江,杭州,,,,0,本科,公办,,1763,年份=年份,2026/6/15
384,衢州学院,浙江省,浙江,衢州,,,,0,本科,公办,,2604,,2026/6/15
385,宁波大学,浙江省,浙江,宁波,,,双一流,综合,本科,公办,,240,,2026/6/15
386,浙江传媒学院,浙江省,浙江,杭州,,,,0,本科,公办,,1066,,2026/6/15
387,浙大城市学院,浙江省,浙江,杭州,,,,0,本科,公办,,2379,,2026/6/15
388,浙大宁波理工学院,浙江省,浙江,宁波,,,,0,本科,公办,,2380,,2026/6/15
389,杭州医学院,浙江省,浙江,杭州,,,,0,本科,公办,,1766,,2026/6/15
390,湖州学院,浙江省,浙江,湖州,,,,0,本科,公办,,2391,年份=年份,2026/6/15
391,绍兴理工学院,浙江省,浙江,绍兴,,,,,本科,公办,,2392,年份=年份,2026/6/15
392,温州理工学院,浙江省,浙江,温州,,,,0,本科,公办,,2393,,2026/6/15
393,嘉兴南湖学院,浙江省,浙江,嘉兴,,,,0,本科,公办,,2397,,2026/6/15
394,浙江外国语学院,浙江省,浙江,杭州,,,,0,本科,公办,,2640,年份=年份,2026/6/15
395,浙江音乐学院,浙江省,浙江,杭州,,,,0,本科,公办,,3266,省份=,2026/6/15
396,浙江药科职业大学,浙江省,浙江,宁波,,,,0,本科,公办,,1765,年份=年份,2026/6/15
397,宁波职业技术大学,浙江省,浙江,宁波,,,,,本科,公办,,1767,年份=年份,2026/6/15
398,金华职业技术大学,浙江省,浙江,金华,,,,0,本科,公办,,1770,年份=年份,2026/6/15
399,浙江机电职业技术大学,浙江省,浙江,杭州,,,,0,本科,公办,,1355,年份=年份,2026/6/15
400,杭州职业技术大学,浙江省,浙江,杭州,,,,,本科,公办,,1780,,2026/6/15
401,安徽大学,安徽省,安徽,合肥,,211,双一流,综合,本科,公办,,67,,2026/6/15
402,中国科学技术大学,中国科学院,安徽,合肥,985,211,双一流,理工,本科,公办,,66,,2026/6/15
403,合肥工业大学,教育部,安徽,合肥,,211,双一流,理工,本科,公办,,63,,2026/6/15
404,安徽工业大学,安徽省,安徽,马鞍山,,,,理工,本科,公办,,69,,2026/6/15
405,安徽理工大学,安徽省,安徽,淮南,,,,理工,本科,公办,,68,,2026/6/15
406,安徽工程大学,安徽省,安徽,芜湖,,,,理工,本科,公办,,316,,2026/6/15
407,安徽农业大学,安徽省,安徽,合肥,,,,农林,本科,公办,,70,,2026/6/15
408,安徽医科大学,安徽省,安徽,合肥,,,,医药,本科,公办,,72,,2026/6/15
409,蚌埠医科大学,安徽省,安徽,蚌埠,,,,医药,本科,公办,,1022,年份=年份,2026/6/15
410,皖南医科大学,,安徽,芜湖,,,,,本科,公办,,325,,2026/6/15
411,安徽中医药大学,安徽省,安徽,合肥,,,,医药,本科,公办,,1196,,2026/6/15
412,安徽师范大学,安徽省,安徽,芜湖,,,,师范,本科,公办,,314,,2026/6/15
413,阜阳师范大学,安徽省,安徽,阜阳,,,,0,本科,公办,,1023,年份=年份,2026/6/15
414,安庆师范大学,安徽省,安徽,安庆,,,,0,本科,公办,,1024,,2026/6/15
415,淮北师范大学,安徽省,安徽,淮北,,,,0,本科,公办,,328,,2026/6/15
416,黄山学院,安徽省,安徽,黄山,,,,0,本科,公办,,341,年份=年份,2026/6/15
417,皖西学院,安徽省,安徽,六安,,,,0,本科,公办,,337,年份=年份,2026/6/15
418,滁州学院,安徽省,安徽,滁州,,,,0,本科,公办,,1247,科类=历史类,2026/6/15
419,安徽财经大学,安徽省,安徽,蚌埠,,,,财经,本科,公办,,335,无专业数据,2026/6/15
420,宿州学院,安徽省,安徽,宿州,,,,0,本科,公办,,1180,年份=年份,2026/6/15
421,巢湖学院,安徽省,安徽,合肥,,,,0,本科,公办,,339,年份=年份,2026/6/15
422,淮南师范学院,安徽省,安徽,淮南,,,,0,本科,公办,,333,年份=年份,2026/6/15
423,铜陵学院,安徽省,安徽,铜陵,,,,0,本科,公办,,340,无专业数据,2026/6/15
424,安徽建筑大学,安徽省,安徽,合肥,,,,理工,本科,公办,,322,无专业数据,2026/6/15
425,安徽科技工程大学,,安徽,滁州,,,,,本科,公办,,331,年份=年份,2026/6/15
426,合肥大学,安徽省,安徽,合肥,,,,0,本科,公办,,338,无专业数据,2026/6/15
427,蚌埠学院,安徽省,安徽,蚌埠,,,,0,本科,公办,,1799,年份=年份,2026/6/15
428,池州学院,安徽省,安徽,池州,,,,0,本科,公办,,1800,年份=年份,2026/6/15
429,亳州学院,安徽省,安徽,亳州,,,,0,本科,公办,,1519,年份=年份,2026/6/15
430,合肥理工学院,安徽省,安徽,合肥,,,,0,本科,公办,,2405,年份=年份,2026/6/15
431,合肥师范学院,安徽省,安徽,合肥,,,,0,本科,公办,,1801,科类=历史类,2026/6/15
432,安徽艺术学院,安徽省,安徽,合肥,,,,0,本科,公办,,3461,年份=年份,2026/6/15
433,安徽职业技术大学,安徽省,安徽,合肥,,,,,本科,公办,,1805,年份=年份,2026/6/15
434,芜湖职业技术大学,安徽省,安徽,芜湖,,,,,本科,公办,,1807,年份=年份,2026/6/15
435,安徽第二医学院,安徽省,安徽,合肥,,,,,本科,公办,,1429,批次=专科批,2026/6/15
436,厦门大学,教育部,福建,厦门,985,211,双一流,综合,本科,公办,,102,无专业数据,2026/6/15
437,华侨大学,中央统战部,福建,泉州,,,,综合,本科,公办,,465,无专业数据,2026/6/15
438,福州大学,福建省,福建,福州,,211,双一流,理工,本科,公办,,103,无专业数据,2026/6/15
439,福建理工大学,福建省,福建,福州,,,,0,本科,公办,,474,无专业数据,2026/6/15
440,福建农林大学,福建省,福建,福州,,,,农林,本科,公办,,468,无专业数据,2026/6/15
441,集美大学,福建省,福建,厦门,,,,综合,本科,公办,,471,无专业数据,2026/6/15
442,福建医科大学,福建省,福建,福州,,,,医药,本科,公办,,1020,无专业数据,2026/6/15
443,福建中医药大学,福建省,福建,福州,,,,医药,本科,公办,,1021,无专业数据,2026/6/15
444,福建师范大学,福建省,福建,福州,,,,师范,本科,公办,,473,无专业数据,2026/6/15
445,闽江大学,,福建,福州,,,,,本科,公办,,477,无专业数据,2026/6/15
446,武夷学院,福建省,福建,南平,,,,0,本科,公办,,1858,无专业数据,2026/6/15
447,宁德师范学院,福建省,福建,宁德,,,,0,本科,公办,,1860,无专业数据,2026/6/15
448,泉州师范学院,福建省,福建,泉州,,,,0,本科,公办,,475,无专业数据,2026/6/15
449,闽南师范大学,福建省,福建,漳州,,,,0,本科,公办,,476,无专业数据,2026/6/15
450,厦门理工学院,福建省,福建,厦门,,,,0,本科,公办,,1061,无专业数据,2026/6/15
451,三明学院,福建省,福建,三明,,,,0,本科,公办,,1261,无专业数据,2026/6/15
452,龙岩学院,福建省,福建,龙岩,,,,0,本科,公办,,1250,年份=年份,2026/6/15
453,福建商学院,福建省,福建,福州,,,,0,本科,公办,,1861,年份=年份,2026/6/15
454,福建警察学院,福建省,福建,福州,,,,0,本科,公办,,1859,年份=年份,2026/6/15
455,莆田学院,福建省,福建,莆田,,,,0,本科,公办,,478,年份=年份,2026/6/15
456,厦门医学院,福建省,福建,厦门,,,,0,本科,公办,,1862,无专业数据,2026/6/15
457,福建江夏学院,福建省,福建,福州,,,,0,本科,公办,,2606,无专业数据,2026/6/15
458,福建技术师范学院,福建省,福建,福州,,,,0,本科,公办,,3463,年份=年份,2026/6/15
459,黎明职业大学,福建省,福建,泉州,,,,综合,本科,公办,,1506,批次=专科批,2026/6/15
460,南昌大学,江西省,江西,南昌,,211,双一流,综合,本科,公办,,108,无专业数据,2026/6/15
461,华东交通大学,江西省,江西,南昌,,,,理工,本科,公办,,157,无专业数据,2026/6/15
462,东华理工大学,江西省,江西,抚州,,,,理工,本科,公办,,176,无专业数据,2026/6/15
463,南昌航空大学,江西省,江西,南昌,,,,理工,本科,公办,,177,无专业数据,2026/6/15
464,江西理工大学,江西省,江西,赣州,,,,理工,本科,公办,,165,无专业数据,2026/6/15
465,景德镇陶瓷大学,江西省,江西,景德镇,,,,理工,本科,公办,,183,无专业数据,2026/6/15
466,江西农业大学,江西省,江西,南昌,,,,农林,本科,公办,,172,无专业数据,2026/6/15
467,江西中医药大学,江西省,江西,南昌,,,,医药,本科,公办,,185,无专业数据,2026/6/15
468,赣南医科大学,江西省,江西,赣州,,,,0,本科,公办,,195,无专业数据,2026/6/15
469,江西师范大学,江西省,江西,南昌,,,,师范,本科,公办,,174,无专业数据,2026/6/15
470,上饶师范学院,江西省,江西,上饶,,,,0,本科,公办,,186,无专业数据,2026/6/15
471,宜春学院,江西省,江西,宜春,,,,0,本科,公办,,192,无专业数据,2026/6/15
472,赣南师范大学,江西省,江西,赣州,,,,0,本科,公办,,189,无专业数据,2026/6/15
473,井冈山大学,江西省,江西,吉安,,,,0,本科,公办,,197,无专业数据,2026/6/15
474,江西财经大学,江西省,江西,南昌,,,,财经,本科,公办,,175,无专业数据,2026/6/15
475,景德镇学院,江西省,江西,景德镇,,,,0,本科,公办,,889,年份=2023,2026/6/15
476,萍乡学院,江西省,江西,萍乡,,,,0,本科,公办,,888,无专业数据,2026/6/15
477,江西科技师范大学,江西省,江西,南昌,,,,0,本科,公办,,190,无专业数据,2026/6/15
478,江西水利电力大学,江西省,江西,南昌,,,,,本科,公办,,867,无专业数据,2026/6/15
479,江西警察学院,江西省,江西,南昌,,,,0,本科,公办,,874,无专业数据,2026/6/15
480,新余学院,江西省,江西,新余,,,,0,本科,公办,,891,无专业数据,2026/6/15
481,九江学院,江西省,江西,九江,,,,0,本科,公办,,194,无专业数据,2026/6/15
482,赣东学院,江西省,江西,抚州,,,,0,本科,公办,,2432,无专业数据,2026/6/15
483,赣南科技学院,江西省,江西,赣州,,,,0,本科,公办,,2431,无专业数据,2026/6/15
484,南昌医学院,江西省,江西,南昌,,,,0,本科,公办,,2434,无专业数据,2026/6/15
485,豫章师范学院,江西省,江西,南昌,,,,0,本科,公办,,872,无专业数据,2026/6/15
486,南昌师范学院,江西省,江西,南昌,,,,0,本科,公办,,2889,无专业数据,2026/6/15
487,江西职业技术大学,江西省,江西,九江,,,,0,本科,公办,,893,无专业数据,2026/6/15
488,抚州医药学院,江西省,江西,抚州,,,,,本科,公办,,870,批次=专科批,2026/6/15
489,江西飞行学院,江西省,江西,南昌,,,,0,本科,公办,,952,无专业数据,2026/6/15
490,山东大学,教育部,山东,济南,985,211,双一流,综合,本科,公办,,126,无专业数据,2026/6/15
491,中国海洋大学,教育部,山东,青岛,985,211,双一流,综合,本科,公办,,61,无专业数据,2026/6/15
492,山东科技大学,山东省,山东,青岛,,,,综合,本科,公办,,537,无专业数据,2026/6/15
493,中国石油大学（华东）,教育部,山东,青岛,,211,双一流,理工,本科,公办,,120,无专业数据,2026/6/15
494,青岛科技大学,山东省,山东,青岛,,,,理工,本科,公办,,507,无专业数据,2026/6/15
495,济南大学,山东省,山东,济南,,,,综合,本科,公办,,71,无专业数据,2026/6/15
496,青岛理工大学,山东省,山东,青岛,,,,理工,本科,公办,,509,无专业数据,2026/6/15
497,山东建筑大学,山东省,山东,济南,,,,理工,本科,公办,,528,无专业数据,2026/6/15
498,齐鲁工业大学,山东省,山东,济南,,,,理工,本科,公办,,547,无专业数据,2026/6/15
499,山东理工大学,山东省,山东,淄博,,,,理工,本科,公办,,540,无专业数据,2026/6/15
500,山东农业大学,山东省,山东,泰安,,,,农林,本科,公办,,542,无专业数据,2026/6/15
501,青岛农业大学,山东省,山东,青岛,,,,农林,本科,公办,,491,无专业数据,2026/6/15
502,山东第二医科大学,山东省,山东,潍坊,,,,医药,本科,公办,,553,无专业数据,2026/6/15
503,山东第一医科大学,山东省,山东,济南,,,,医药,本科,公办,,551,无专业数据,2026/6/15
504,山东医药大学,,山东,滨州,,,,,本科,公办,,64,无专业数据,2026/6/15
505,山东中医药大学,山东省,山东,济南,,,,医药,本科,公办,,1142,无专业数据,2026/6/15
506,济宁医学院,山东省,山东,济宁,,,,0,本科,公办,,1238,无专业数据,2026/6/15
507,山东师范大学,山东省,山东,济南,,,,师范,本科,公办,,622,无专业数据,2026/6/15
508,曲阜师范大学,山东省,山东,济宁,,,,师范,本科,公办,,510,年份=年份,2026/6/15
509,聊城大学,山东省,山东,聊城,,,,综合,本科,公办,,494,无专业数据,2026/6/15
510,德州学院,山东省,山东,德州,,,,0,本科,公办,,65,年份=年份,2026/6/15
511,山东航空学院,山东省,山东,滨州,,,,0,本科,公办,,1210,无专业数据,2026/6/15
512,鲁东大学,山东省,山东,烟台,,,,综合,本科,公办,,555,无专业数据,2026/6/15
513,临沂大学,山东省,山东,临沂,,,,0,本科,公办,,496,无专业数据,2026/6/15
514,泰山学院,山东省,山东,泰安,,,,0,本科,公办,,550,无专业数据,2026/6/15
515,济宁学院,山东省,山东,济宁,,,,0,本科,公办,,2093,年份=2024,2026/6/15
516,菏泽学院,山东省,山东,菏泽,,,,0,本科,公办,,1264,无专业数据,2026/6/15
517,山东财经大学,山东省,山东,济南,,,,财经,本科,公办,,535,无专业数据,2026/6/15
518,山东体育学院,山东省,山东,济南,,,,0,本科,公办,,548,年份=年份,2026/6/15
519,山东艺术学院,山东省,山东,济南,,,,0,本科,公办,,549,科类=历史类,2026/6/15
520,枣庄学院,山东省,山东,枣庄,,,,0,本科,公办,,1246,无专业数据,2026/6/15
521,山东工艺美术学院,山东省,山东,济南,,,,0,本科,公办,,527,无专业数据,2026/6/15
522,青岛大学,山东省,山东,青岛,,,,综合,本科,公办,,499,无专业数据,2026/6/15
523,烟台大学,山东省,山东,烟台,,,,综合,本科,公办,,554,无专业数据,2026/6/15
524,潍坊学院,山东省,山东,潍坊,,,,0,本科,公办,,552,无专业数据,2026/6/15
525,山东警察学院,山东省,山东,济南,,,,0,本科,公办,,1204,省份=,2026/6/15
526,山东交通学院,山东省,山东,济南,,,,0,本科,公办,,534,无专业数据,2026/6/15
527,山东工商学院,山东省,山东,烟台,,,,0,本科,公办,,526,无专业数据,2026/6/15
528,山东女子学院,山东省,山东,济南,,,,0,本科,公办,,2609,年份=年份,2026/6/15
529,山东石油化工学院,山东省,山东,东营,,,,0,本科,公办,,2132,无专业数据,2026/6/15
530,山东政法学院,山东省,山东,济南,,,,0,本科,公办,,1279,年份=年份,2026/6/15
531,齐鲁师范学院,山东省,山东,济南,,,,0,本科,公办,,2607,无专业数据,2026/6/15
532,山东青年政治学院,山东省,山东,济南,,,,0,本科,公办,,2608,无专业数据,2026/6/15
533,山东管理学院,山东省,山东,济南,,,,0,本科,公办,,3004,年份=年份,2026/6/15
534,山东农业工程学院,山东省,山东,济南,,,,0,本科,公办,,3005,年份=年份,2026/6/15
535,日照职业技术大学,,山东,日照,,,,,本科,公办,,1336,批次=专科批,2026/6/15
536,滨州职业技术大学,,山东,滨州,,,,,本科,公办,,2106,批次=专科提前批,2026/6/15
537,淄博职业技术大学,山东省,山东,淄博,,,,,本科,公办,,2112,年份=年份,2026/6/15
538,华北水利水电大学,河南省,河南,郑州,,,,理工,本科,公办,,464,无专业数据,2026/6/15
539,郑州大学,河南省,河南,郑州,,211,双一流,综合,本科,公办,,62,无专业数据,2026/6/15
540,河南理工大学,河南省,河南,焦作,,,,理工,本科,公办,,463,无专业数据,2026/6/15
541,郑州轻工业大学,河南省,河南,郑州,,,,理工,本科,公办,,458,无专业数据,2026/6/15
542,河南工业大学,河南省,河南,郑州,,,,理工,本科,公办,,466,无专业数据,2026/6/15
543,河南科技大学,河南省,河南,洛阳,,,,综合,本科,公办,,460,无专业数据,2026/6/15
544,中原工学院,河南省,河南,郑州,,,,0,本科,公办,,481,无专业数据,2026/6/15
545,河南农业大学,河南省,河南,郑州,,,,农林,本科,公办,,462,无专业数据,2026/6/15
546,河南科技学院,河南省,河南,新乡,,,,0,本科,公办,,883,无专业数据,2026/6/15
547,河南牧业经济学院,河南省,河南,郑州,,,,0,本科,公办,,3073,年份=年份,2026/6/15
548,河南中医药大学,河南省,河南,郑州,,,,医药,本科,公办,,873,无专业数据,2026/6/15
549,河南医药大学,河南省,河南,新乡,,,,,本科,公办,,482,无专业数据,2026/6/15
550,河南大学,河南省,河南,开封,,,双一流,综合,本科,公办,,459,无专业数据,2026/6/15
551,河南师范大学,河南省,河南,新乡,,,,师范,本科,公办,,833,无专业数据,2026/6/15
552,信阳师范大学,河南省,河南,信阳,,,,0,本科,公办,,876,无专业数据,2026/6/15
553,周口师范学院,河南省,河南,周口,,,,0,本科,公办,,485,无专业数据,2026/6/15
554,安阳师范学院,河南省,河南,安阳,,,,0,本科,公办,,878,年份=年份,2026/6/15
555,许昌学院,河南省,河南,许昌,,,,0,本科,公办,,493,年份=年份,2026/6/15
556,南阳师范学院,河南省,河南,南阳,,,,0,本科,公办,,487,无专业数据,2026/6/15
557,洛阳师范学院,河南省,河南,洛阳,,,,0,本科,公办,,484,无专业数据,2026/6/15
558,商丘师范学院,河南省,河南,商丘,,,,0,本科,公办,,489,无专业数据,2026/6/15
559,河南财经政法大学,河南省,河南,郑州,,,,财经,本科,公办,,490,无专业数据,2026/6/15
560,郑州航空工业管理学院,河南省,河南,郑州,,,,0,本科,公办,,479,无专业数据,2026/6/15
561,黄淮学院,河南省,河南,驻马店,,,,0,本科,公办,,884,无专业数据,2026/6/15
562,平顶山学院,河南省,河南,平顶山,,,,0,本科,公办,,880,无专业数据,2026/6/15
563,郑州工程技术学院,河南省,河南,郑州,,,,0,本科,公办,,1922,无专业数据,2026/6/15
564,洛阳理工学院,河南省,河南,洛阳,,,,0,本科,公办,,1178,无专业数据,2026/6/15
565,新乡学院,河南省,河南,新乡,,,,0,本科,公办,,1919,无专业数据,2026/6/15
566,信阳农林学院,河南省,河南,信阳,,,,0,本科,公办,,1203,无专业数据,2026/6/15
567,河南工学院,河南省,河南,新乡,,,,0,本科,公办,,894,无专业数据,2026/6/15
568,安阳工学院,河南省,河南,安阳,,,,0,本科,公办,,834,无专业数据,2026/6/15
569,河南工程学院,河南省,河南,郑州,,,,0,本科,公办,,1323,无专业数据,2026/6/15
570,河南财政金融学院,河南省,河南,郑州,,,,0,本科,公办,,1920,无专业数据,2026/6/15
571,南阳理工学院,河南省,河南,南阳,,,,0,本科,公办,,853,无专业数据,2026/6/15
572,河南城建学院,河南省,河南,平顶山,,,,0,本科,公办,,1518,无专业数据,2026/6/15
573,河南警察学院,河南省,河南,郑州,,,,0,本科,公办,,1430,年份=年份,2026/6/15
574,郑州警察学院,公安部,河南,郑州,,,,0,本科,公办,,886,批次=本科提前批,2026/6/15
575,郑州师范学院,河南省,河南,郑州,,,,0,本科,公办,,1147,年份=年份,2026/6/15
576,黄河水利职业技术大学,河南省,河南,开封,,,,,本科,公办,,1924,批次=专科批,2026/6/15
577,河南工业职业技术大学,,河南,南阳,,,,,本科,公办,,1547,年份=年份,2026/6/15
578,武汉大学,教育部,湖北,武汉,985,211,双一流,综合,本科,公办,,42,无专业数据,2026/6/15
579,华中科技大学,教育部,湖北,武汉,985,211,双一流,综合,本科,公办,,127,无专业数据,2026/6/15
580,武汉科技大学,湖北省,湖北,武汉,,,,理工,本科,公办,,1007,无专业数据,2026/6/15
581,长江大学,湖北省,湖北,荆州,,,,综合,本科,公办,,428,无专业数据,2026/6/15
582,武汉工程大学,湖北省,湖北,武汉,,,,理工,本科,公办,,434,无专业数据,2026/6/15
583,中国地质大学（武汉）,教育部,湖北,武汉,,211,双一流,理工,本科,公办,,121,无专业数据,2026/6/15
584,武汉纺织大学,湖北省,湖北,武汉,,,,理工,本科,公办,,432,无专业数据,2026/6/15
585,武汉轻工大学,湖北省,湖北,武汉,,,,0,本科,公办,,436,无专业数据,2026/6/15
586,武汉理工大学,教育部,湖北,武汉,,211,双一流,理工,本科,公办,,128,无专业数据,2026/6/15
587,湖北工业大学,湖北省,湖北,武汉,,,,理工,本科,公办,,433,无专业数据,2026/6/15
588,华中农业大学,教育部,湖北,武汉,,211,双一流,农林,本科,公办,,417,无专业数据,2026/6/15
589,湖北中医药大学,湖北省,湖北,武汉,,,,医药,本科,公办,,437,无专业数据,2026/6/15
590,华中师范大学,教育部,湖北,武汉,,211,双一流,师范,本科,公办,,420,无专业数据,2026/6/15
591,湖北大学,湖北省,湖北,武汉,,,,综合,本科,公办,,425,无专业数据,2026/6/15
592,湖北师范大学,湖北省,湖北,黄石,,,,0,本科,公办,,439,无专业数据,2026/6/15
593,黄冈师范学院,湖北省,湖北,黄冈,,,,0,本科,公办,,440,年份=年份,2026/6/15
594,湖北民族大学,湖北省,湖北,恩施,,,,0,本科,公办,,452,年份=年份,2026/6/15
595,汉江师范学院,湖北省,湖北,十堰,,,,0,本科,公办,,817,批次=专科批,2026/6/15
596,湖北文理学院,湖北省,湖北,襄阳,,,,0,本科,公办,,461,无专业数据,2026/6/15
597,中南财经政法大学,教育部,湖北,武汉,,211,双一流,财经,本科,公办,,414,无专业数据,2026/6/15
598,武汉体育学院,湖北省,湖北,武汉,,,,0,本科,公办,,448,无专业数据,2026/6/15
599,湖北美术学院,湖北省,湖北,武汉,,,,0,本科,公办,,451,科类=历史类,2026/6/15
600,中南民族大学,国家民委,湖北,武汉,,,,民族,本科,公办,,423,无专业数据,2026/6/15
601,湖北汽车工业学院,湖北省,湖北,十堰,,,,0,本科,公办,,435,无专业数据,2026/6/15
602,湖北工程学院,湖北省,湖北,孝感,,,,0,本科,公办,,443,无专业数据,2026/6/15
603,湖北理工学院,湖北省,湖北,黄石,,,,0,本科,公办,,1026,无专业数据,2026/6/15
604,湖北科技学院,湖北省,湖北,咸宁,,,,0,本科,公办,,457,无专业数据,2026/6/15
605,湖北医药学院,湖北省,湖北,十堰,,,,0,本科,公办,,438,无专业数据,2026/6/15
606,江汉大学,湖北省,湖北,武汉,,,,0,本科,公办,,430,无专业数据,2026/6/15
607,三峡大学,湖北省,湖北,宜昌,,,,综合,本科,公办,,431,无专业数据,2026/6/15
608,湖北警官学院,湖北省,湖北,武汉,,,,0,本科,公办,,1027,年份=年份,2026/6/15
609,荆楚理工学院,湖北省,湖北,荆门,,,,0,本科,公办,,1505,无专业数据,2026/6/15
610,武汉音乐学院,湖北省,湖北,武汉,,,,0,本科,公办,,455,省份=,2026/6/15
611,湖北经济学院,湖北省,湖北,武汉,,,,0,本科,公办,,445,无专业数据,2026/6/15
612,武汉商学院,湖北省,湖北,武汉,,,,0,本科,公办,,815,年份=年份,2026/6/15
613,湖北第二师范学院,湖北省,湖北,武汉,,,,0,本科,公办,,1356,无专业数据,2026/6/15
614,武汉职业技术大学,湖北省,湖北,武汉,,,,,本科,公办,,816,批次=专科批,2026/6/15
615,黄冈职业技术大学,,湖北,黄冈,,,,,本科,公办,,812,批次=专科批,2026/6/15
616,襄阳职业技术大学,,湖北,襄阳,,,,,本科,公办,,806,批次=专科批,2026/6/15
617,湘潭大学,湖南省,湖南,湘潭,,,双一流,综合,本科,公办,,385,无专业数据,2026/6/15
618,吉首大学,湖南省,湖南,湘西,,,,综合,本科,公办,,386,无专业数据,2026/6/15
619,湖南大学,教育部,湖南,长沙,985,211,双一流,综合,本科,公办,,44,无专业数据,2026/6/15
620,中南大学,教育部,湖南,长沙,985,211,双一流,综合,本科,公办,,123,无专业数据,2026/6/15
621,湖南科技大学,湖南省,湖南,湘潭,,,,综合,本科,公办,,388,无专业数据,2026/6/15
622,长沙理工大学,湖南省,湖南,长沙,,,,理工,本科,公办,,389,无专业数据,2026/6/15
623,湖南农业大学,湖南省,湖南,长沙,,,,农林,本科,公办,,392,无专业数据,2026/6/15
624,中南林业科技大学,湖南省,湖南,长沙,,,,农林,本科,公办,,401,无专业数据,2026/6/15
625,湖南中医药大学,湖南省,湖南,长沙,,,,医药,本科,公办,,402,无专业数据,2026/6/15
626,湖南师范大学,湖南省,湖南,长沙,,211,双一流,师范,本科,公办,,58,无专业数据,2026/6/15
627,湖南理工大学,,湖南,岳阳,,,,,本科,公办,,396,无专业数据,2026/6/15
628,湘南学院,湖南省,湖南,郴州,,,,0,本科,公办,,403,无专业数据,2026/6/15
629,衡阳师范学院,湖南省,湖南,衡阳,,,,0,本科,公办,,406,无专业数据,2026/6/15
630,邵阳学院,湖南省,湖南,邵阳,,,,0,本科,公办,,418,无专业数据,2026/6/15
631,怀化学院,湖南省,湖南,怀化,,,,0,本科,公办,,416,无专业数据,2026/6/15
632,湖南文理学院,湖南省,湖南,常德,,,,0,本科,公办,,415,无专业数据,2026/6/15
633,湖南科技学院,湖南省,湖南,永州,,,,0,本科,公办,,409,无专业数据,2026/6/15
634,湖南人文科技学院,湖南省,湖南,娄底,,,,0,本科,公办,,1070,无专业数据,2026/6/15
635,湖南工商大学,湖南省,湖南,长沙,,,,0,本科,公办,,407,无专业数据,2026/6/15
636,南华大学,湖南省,湖南,衡阳,,,,综合,本科,公办,,391,无专业数据,2026/6/15
637,长沙学院,湖南省,湖南,长沙,,,,0,本科,公办,,1029,无专业数据,2026/6/15
638,湖南工程学院,湖南省,湖南,湘潭,,,,0,本科,公办,,399,无专业数据,2026/6/15
639,湖南城市学院,湖南省,湖南,益阳,,,,0,本科,公办,,397,无专业数据,2026/6/15
640,湖南工学院,湖南省,湖南,衡阳,,,,0,本科,公办,,1983,无专业数据,2026/6/15
641,湖南财政经济学院,湖南省,湖南,长沙,,,,0,本科,公办,,1985,无专业数据,2026/6/15
642,湖南警察学院,湖南省,湖南,长沙,,,,0,本科,公办,,1986,年份=2024,2026/6/15
643,湖南工业大学,湖南省,湖南,株洲,,,,理工,本科,公办,,398,无专业数据,2026/6/15
644,湖南女子学院,湖南省,湖南,长沙,,,,0,本科,公办,,1995,科类=历史类,2026/6/15
645,湖南第一师范学院,湖南省,湖南,长沙,,,,0,本科,公办,,2463,年份=年份,2026/6/15
646,湖南医药学院,湖南省,湖南,怀化,,,,0,本科,公办,,1987,无专业数据,2026/6/15
647,长沙工业学院,湖南省,湖南,长沙,,,,0,本科,公办,,2466,无专业数据,2026/6/15
648,长沙师范学院,湖南省,湖南,长沙,,,,0,本科,公办,,1990,无专业数据,2026/6/15
649,湖南汽车工程职业大学,湖南省,湖南,株洲,,,,0,本科,公办,,2030,无专业数据,2026/6/15
650,中山大学,教育部,广东,广州,985,211,双一流,综合,本科,公办,,104,无专业数据,2026/6/15
651,暨南大学,中央统战部,广东,广州,,211,双一流,综合,本科,公办,,106,无专业数据,2026/6/15
652,汕头大学,广东省,广东,汕头,,,,综合,本科,公办,,283,无专业数据,2026/6/15
653,华南理工大学,教育部,广东,广州,985,211,双一流,理工,本科,公办,,105,无专业数据,2026/6/15
654,华南农业大学,广东省,广东,广州,,,双一流,农林,本科,公办,,287,无专业数据,2026/6/15
655,广东海洋大学,广东省,广东,湛江,,,,农林,本科,公办,,288,无专业数据,2026/6/15
656,广州医科大学,广东省,广东,广州,,,双一流,医药,本科,公办,,295,无专业数据,2026/6/15
657,广东医科大学,广东省,广东,湛江,,,,0,本科,公办,,294,无专业数据,2026/6/15
658,广州中医药大学,广东省,广东,广州,,,双一流,医药,本科,公办,,289,无专业数据,2026/6/15
659,广东药科大学,广东省,广东,广州,,,,0,本科,公办,,296,无专业数据,2026/6/15
660,华南师范大学,广东省,广东,广州,,211,双一流,师范,本科,公办,,98,无专业数据,2026/6/15
661,韶关学院,广东省,广东,韶关,,,,0,本科,公办,,298,无专业数据,2026/6/15
662,惠州学院,广东省,广东,惠州,,,,0,本科,公办,,300,无专业数据,2026/6/15
663,韩山师范学院,广东省,广东,潮州,,,,0,本科,公办,,297,无专业数据,2026/6/15
664,岭南师范学院,广东省,广东,湛江,,,,0,本科,公办,,299,无专业数据,2026/6/15
665,肇庆学院,广东省,广东,肇庆,,,,0,本科,公办,,961,无专业数据,2026/6/15
666,嘉应学院,广东省,广东,梅州,,,,0,本科,公办,,301,无专业数据,2026/6/15
667,广州体育学院,广东省,广东,广州,,,,0,本科,公办,,303,无专业数据,2026/6/15
668,广州美术学院,广东省,广东,广州,,,,艺术,本科,公办,,304,无专业数据,2026/6/15
669,星海音乐学院,广东省,广东,广州,,,,0,本科,公办,,305,无专业数据,2026/6/15
670,广东技术师范大学,广东省,广东,广州,,,,0,本科,公办,,964,无专业数据,2026/6/15
671,深圳大学,广东省,广东,深圳,,,,综合,本科,公办,,284,无专业数据,2026/6/15
672,广东财经大学,广东省,广东,广州,,,,财经,本科,公办,,302,无专业数据,2026/6/15
673,广州大学,广东省,广东,广州,,,,综合,本科,公办,,293,无专业数据,2026/6/15
674,广州航海学院,广东省,广东,广州,,,,0,本科,公办,,967,无专业数据,2026/6/15
675,广东警官学院,广东省,广东,广州,,,,0,本科,公办,,963,无专业数据,2026/6/15
676,仲恺农业工程学院,广东省,广东,广州,,,,0,本科,公办,,2480,无专业数据,2026/6/15
677,五邑大学,广东省,广东,江门,,,,0,本科,公办,,285,无专业数据,2026/6/15
678,广东金融学院,广东省,广东,广州,,,,0,本科,公办,,1031,无专业数据,2026/6/15
679,广东石油化工学院,广东省,广东,茂名,,,,0,本科,公办,,292,无专业数据,2026/6/15
680,东莞理工学院,广东省,广东,东莞,,,,0,本科,公办,,291,无专业数据,2026/6/15
681,广东工业大学,广东省,广东,广州,,,,理工,本科,公办,,286,无专业数据,2026/6/15
682,广东外语外贸大学,广东省,广东,广州,,,,语言,本科,公办,,290,无专业数据,2026/6/15
683,佛山大学,广东省,广东,佛山,,,,0,本科,公办,,306,无专业数据,2026/6/15
684,南方医科大学,广东省,广东,广州,,,,医药,本科,公办,,960,无专业数据,2026/6/15
685,广东第二师范学院,广东省,广东,广州,,,,0,本科,公办,,2610,无专业数据,2026/6/15
686,南方科技大学,广东省,广东,深圳,,,双一流,理工,本科,公办,,2941,无专业数据,2026/6/15
687,深圳技术大学,广东省,广东,深圳,,,,0,本科,公办,,3281,无专业数据,2026/6/15
688,顺德职业技术大学,广东省,广东,佛山,,,,,本科,公办,,974,无专业数据,2026/6/15
689,广东轻工职业技术大学,广东省,广东,广州,,,,0,本科,公办,,2048,无专业数据,2026/6/15
690,深圳职业技术大学,广东省,广东,深圳,,,,0,本科,公办,,646,无专业数据,2026/6/15
691,广州职业技术大学,广东省,广东,广州,,,,,本科,公办,,2481,无专业数据,2026/6/15
692,深圳信息职业技术大学,广东省,广东,深圳,,,,,本科,公办,,985,无专业数据,2026/6/15
693,肇庆医学院,广东省,广东,肇庆,,,,0,本科,公办,,968,无专业数据,2026/6/15
694,广西大学,广西壮族自治区,广西,南宁,,211,双一流,综合,本科,公办,,96,无专业数据,2026/6/15
695,广西科技大学,广西壮族自治区,广西,柳州,,,,0,本科,公办,,536,无专业数据,2026/6/15
696,桂林电子科技大学,广西壮族自治区,广西,桂林,,,,理工,本科,公办,,532,无专业数据,2026/6/15
697,桂林理工大学,广西壮族自治区,广西,桂林,,,,理工,本科,公办,,533,无专业数据,2026/6/15
698,广西医科大学,广西壮族自治区,广西,南宁,,,,医药,本科,公办,,530,无专业数据,2026/6/15
699,右江民族医学院,广西壮族自治区,广西,百色,,,,0,本科,公办,,1033,无专业数据,2026/6/15
700,广西中医药大学,广西壮族自治区,广西,南宁,,,,医药,本科,公办,,1034,无专业数据,2026/6/15
701,桂林医科大学,广西壮族自治区,广西,桂林,,,,,本科,公办,,538,无专业数据,2026/6/15
702,广西师范大学,广西壮族自治区,广西,桂林,,,,师范,本科,公办,,531,无专业数据,2026/6/15
703,南宁师范大学,广西壮族自治区,广西,南宁,,,,师范,本科,公办,,541,无专业数据,2026/6/15
704,广西民族师范学院,广西壮族自治区,广西,崇左,,,,0,本科,公办,,2364,年份=年份,2026/6/15
705,河池学院,广西壮族自治区,广西,河池,,,,0,本科,公办,,1035,无专业数据,2026/6/15
706,玉林师范学院,广西壮族自治区,广西,玉林,,,,0,本科,公办,,539,无专业数据,2026/6/15
707,广西艺术学院,广西壮族自治区,广西,南宁,,,,0,本科,公办,,1374,无专业数据,2026/6/15
708,广西民族大学,广西壮族自治区,广西,南宁,,,,民族,本科,公办,,543,无专业数据,2026/6/15
709,百色学院,广西壮族自治区,广西,百色,,,,0,本科,公办,,1252,年份=年份,2026/6/15
710,梧州学院,广西壮族自治区,广西,梧州,,,,0,本科,公办,,1251,无专业数据,2026/6/15
711,广西科技师范学院,广西壮族自治区,广西,来宾,,,,0,本科,公办,,1729,无专业数据,2026/6/15
712,广西财经学院,广西壮族自治区,广西,南宁,,,,0,本科,公办,,1046,无专业数据,2026/6/15
713,北部湾大学,广西壮族自治区,广西,钦州,,,,0,本科,公办,,1256,无专业数据,2026/6/15
714,桂林航天工业学院,广西壮族自治区,广西,桂林,,,,0,本科,公办,,1731,无专业数据,2026/6/15
715,桂林旅游学院,广西壮族自治区,广西,桂林,,,,0,本科,公办,,1732,无专业数据,2026/6/15
716,贺州学院,广西壮族自治区,广西,贺州,,,,0,本科,公办,,1259,无专业数据,2026/6/15
717,广西警察学院,广西壮族自治区,广西,南宁,,,,0,本科,公办,,1734,年份=年份,2026/6/15
718,广西农业职业技术大学,广西壮族自治区,广西,南宁,,,,0,本科,公办,,1744,无专业数据,2026/6/15
719,广西职业师范学院,广西壮族自治区,广西,南宁,,,,0,本科,公办,,3118,年份=年份,2026/6/15
720,南宁职业技术大学,广西壮族自治区,广西,南宁,,,,0,本科,公办,,1736,无专业数据,2026/6/15
721,桂林师范学院,广西壮族自治区,广西,桂林,,,,,本科,公办,,1730,无专业数据,2026/6/15
722,柳州职业技术大学,广西壮族自治区,广西,柳州,,,,0,本科,公办,,1739,无专业数据,2026/6/15
723,海南大学,海南省,海南,海口,,211,双一流,综合,本科,公办,,504,无专业数据,2026/6/15
724,海南热带海洋学院,海南省,海南,三亚,,,,0,本科,公办,,1249,无专业数据,2026/6/15
725,海南师范大学,海南省,海南,海口,,,,师范,本科,公办,,511,无专业数据,2026/6/15
726,海南医科大学,海南省,海南,海口,,,,0,本科,公办,,512,无专业数据,2026/6/15
727,琼台师范学院,海南省,海南,海口,,,,0,本科,公办,,1521,无专业数据,2026/6/15
728,重庆大学,教育部,重庆,重庆,985,211,双一流,综合,本科,公办,,119,无专业数据,2026/6/15
729,重庆邮电大学,重庆市,重庆,重庆,,,,理工,本科,公办,,184,无专业数据,2026/6/15
730,重庆交通大学,重庆市,重庆,重庆,,,,理工,本科,公办,,1018,无专业数据,2026/6/15
731,重庆医科大学,重庆市,重庆,重庆,,,,医药,本科,公办,,178,无专业数据,2026/6/15
732,西南大学,教育部,重庆,重庆,,211,双一流,师范,本科,公办,,934,无专业数据,2026/6/15
733,重庆师范大学,重庆市,重庆,重庆,,,,师范,本科,公办,,179,无专业数据,2026/6/15
734,重庆文理学院,重庆市,重庆,重庆,,,,0,本科,公办,,1038,无专业数据,2026/6/15
735,重庆三峡科技大学,,重庆,重庆,,,,,本科,公办,,198,无专业数据,2026/6/15
736,长江师范学院,重庆市,重庆,重庆,,,,0,本科,公办,,191,无专业数据,2026/6/15
737,四川外国语大学,重庆市,重庆,重庆,,,,语言,本科,公办,,193,无专业数据,2026/6/15
738,西南政法大学,重庆市,重庆,重庆,,,,政法,本科,公办,,180,无专业数据,2026/6/15
739,四川美术学院,重庆市,重庆,重庆,,,,艺术,本科,公办,,196,无专业数据,2026/6/15
740,重庆科技大学,重庆市,重庆,重庆,,,,0,本科,公办,,1009,无专业数据,2026/6/15
741,重庆理工大学,重庆市,重庆,重庆,,,,理工,本科,公办,,187,无专业数据,2026/6/15
742,重庆工商大学,重庆市,重庆,重庆,,,,财经,本科,公办,,1073,无专业数据,2026/6/15
743,重庆警察学院,重庆市,重庆,重庆,,,,0,本科,公办,,1493,年份=年份,2026/6/15
744,重庆第二师范学院,重庆市,重庆,重庆,,,,0,本科,公办,,1489,年份=年份,2026/6/15
745,重庆工业职业技术大学,重庆市,重庆,重庆,,,,,本科,公办,,1478,批次=专科批,2026/6/15
746,重庆电子科技职业大学,重庆市,重庆,重庆,,,,0,本科,公办,,1488,无专业数据,2026/6/15
747,四川大学,教育部,四川,成都,985,211,双一流,综合,本科,公办,,99,无专业数据,2026/6/15
748,西南交通大学,教育部,四川,成都,,211,双一流,理工,本科,公办,,51,无专业数据,2026/6/15
749,电子科技大学,教育部,四川,成都,985,211,双一流,理工,本科,公办,,661,无专业数据,2026/6/15
750,西南石油大学,四川省,四川,成都,,,双一流,理工,本科,公办,,268,无专业数据,2026/6/15
751,成都理工大学,四川省,四川,成都,,,双一流,理工,本科,公办,,232,无专业数据,2026/6/15
752,西南科技大学,四川省,四川,绵阳,,,,理工,本科,公办,,263,无专业数据,2026/6/15
753,成都信息工程大学,四川省,四川,成都,,,,理工,本科,公办,,270,无专业数据,2026/6/15
754,四川轻化工大学,四川省,四川,自贡,,,,0,本科,公办,,273,无专业数据,2026/6/15
755,西华大学,四川省,四川,成都,,,,综合,本科,公办,,245,无专业数据,2026/6/15
756,中国民用航空飞行学院,交通运输部（中国民用航空局）,四川,德阳,,,,0,本科,公办,,267,无专业数据,2026/6/15
757,四川农业大学,四川省,四川,雅安,,211,双一流,农林,本科,公办,,100,无专业数据,2026/6/15
758,西昌学院,四川省,四川,凉山,,,,0,本科,公办,,929,无专业数据,2026/6/15
759,西南医科大学,四川省,四川,泸州,,,,0,本科,公办,,274,无专业数据,2026/6/15
760,成都中医药大学,四川省,四川,成都,,,双一流,医药,本科,公办,,264,无专业数据,2026/6/15
761,川北医学院,四川省,四川,南充,,,,0,本科,公办,,276,无专业数据,2026/6/15
762,四川师范大学,四川省,四川,成都,,,,师范,本科,公办,,265,无专业数据,2026/6/15
763,西华师范大学,四川省,四川,南充,,,,师范,本科,公办,,266,无专业数据,2026/6/15
764,绵阳师范学院,四川省,四川,绵阳,,,,0,本科,公办,,1082,年份=年份,2026/6/15
765,内江师范学院,四川省,四川,内江,,,,0,本科,公办,,1083,无专业数据,2026/6/15
766,宜宾学院,四川省,四川,宜宾,,,,0,本科,公办,,1084,年份=年份,2026/6/15
767,四川文理学院,四川省,四川,达州,,,,0,本科,公办,,798,无专业数据,2026/6/15
768,阿坝师范学院,四川省,四川,阿坝,,,,0,本科,公办,,785,年份=年份,2026/6/15
769,乐山师范学院,四川省,四川,乐山,,,,0,本科,公办,,1085,无专业数据,2026/6/15
770,西南财经大学,教育部,四川,成都,,211,双一流,财经,本科,公办,,101,无专业数据,2026/6/15
771,成都体育学院,四川省,四川,成都,,,,0,本科,公办,,1086,年份=年份,2026/6/15
772,四川音乐学院,四川省,四川,成都,,,,0,本科,公办,,1375,科类=历史类,2026/6/15
773,西南民族大学,国家民委,四川,成都,,,,民族,本科,公办,,231,无专业数据,2026/6/15
774,成都大学,四川省,四川,成都,,,,综合,本科,公办,,2491,无专业数据,2026/6/15
775,成都工业学院,四川省,四川,成都,,,,0,本科,公办,,769,无专业数据,2026/6/15
776,攀枝花学院,四川省,四川,攀枝花,,,,0,本科,公办,,932,无专业数据,2026/6/15
777,四川旅游学院,四川省,四川,成都,,,,0,本科,公办,,782,无专业数据,2026/6/15
778,四川民族学院,四川省,四川,甘孜,,,,0,本科,公办,,784,年份=年份,2026/6/15
779,四川警察学院,四川省,四川,泸州,,,,0,本科,公办,,1352,年份=年份,2026/6/15
780,成都医学院,四川省,四川,成都,,,,0,本科,公办,,1075,无专业数据,2026/6/15
781,成都师范学院,四川省,四川,成都,,,,0,本科,公办,,2869,无专业数据,2026/6/15
782,成都轻工职业技术大学,,四川,成都,,,,,本科,公办,,1177,年份=年份,2026/6/15
783,成都航空职业技术大学,四川省,四川,成都,,,,,本科,公办,,771,批次=专科提前批,2026/6/15
784,四川工程职业技术大学,四川省,四川,德阳,,,,0,本科,公办,,795,无专业数据,2026/6/15
785,四川建筑职业技术大学,,四川,德阳,,,,,本科,公办,,793,批次=专科批,2026/6/15
786,贵州大学,贵州省,贵州,贵阳,,211,双一流,综合,本科,公办,,935,无专业数据,2026/6/15
787,贵州医科大学,贵州省,贵州,贵阳,,,,医药,本科,公办,,515,无专业数据,2026/6/15
788,遵义医科大学,贵州省,贵州,遵义,,,,0,本科,公办,,518,无专业数据,2026/6/15
789,贵州中医药大学,贵州省,贵州,贵阳,,,,0,本科,公办,,521,无专业数据,2026/6/15
790,贵州师范大学,贵州省,贵州,贵阳,,,,师范,本科,公办,,514,无专业数据,2026/6/15
791,遵义师范学院,贵州省,贵州,遵义,,,,0,本科,公办,,523,科类=历史类,2026/6/15
792,铜仁学院,贵州省,贵州,铜仁,,,,0,本科,公办,,1266,年份=年份,2026/6/15
793,兴义民族师范学院,贵州省,贵州,黔西南,,,,0,本科,公办,,2566,年份=年份,2026/6/15
794,安顺学院,贵州省,贵州,安顺,,,,0,本科,公办,,1267,无专业数据,2026/6/15
795,贵州工程应用技术学院,贵州省,贵州,毕节,,,,0,本科,公办,,1236,无专业数据,2026/6/15
796,凯里学院,贵州省,贵州,黔东南,,,,0,本科,公办,,1268,无专业数据,2026/6/15
797,黔南民族师范学院,贵州省,贵州,黔南,,,,0,本科,公办,,522,年份=2021,2026/6/15
798,贵州财经大学,贵州省,贵州,贵阳,,,,财经,本科,公办,,520,无专业数据,2026/6/15
799,贵州民族大学,贵州省,贵州,贵阳,,,,0,本科,公办,,516,无专业数据,2026/6/15
800,贵阳学院,贵州省,贵州,贵阳,,,,0,本科,公办,,1071,无专业数据,2026/6/15
801,六盘水师范学院,贵州省,贵州,六盘水,,,,0,本科,公办,,1596,科类=历史类,2026/6/15
802,贵州商学院,贵州省,贵州,贵阳,,,,0,本科,公办,,1564,无专业数据,2026/6/15
803,贵州警察学院,贵州省,贵州,贵阳,,,,0,本科,公办,,2266,无专业数据,2026/6/15
804,贵阳康养职业大学,贵州省,贵州,贵阳,,,,0,本科,公办,,2274,无专业数据,2026/6/15
805,贵州师范学院,贵州省,贵州,贵阳,,,,0,本科,公办,,1570,无专业数据,2026/6/15
806,贵州理工学院,贵州省,贵州,贵阳,,,,0,本科,公办,,2996,无专业数据,2026/6/15
807,贵州交通职业大学,贵州省,贵州,贵阳,,,,0,本科,公办,,2267,批次=专科批,2026/6/15
808,铜仁职业技术大学,贵州省,贵州,铜仁,,,,,本科,公办,,1565,批次=专科批,2026/6/15
809,贵州轻工职业大学,贵州省,贵州,贵阳,,,,,本科,公办,,2273,批次=专科批,2026/6/15
810,云南大学,云南省,云南,昆明,,211,双一流,综合,本科,公办,,35,无专业数据,2026/6/15
811,昆明理工大学,云南省,云南,昆明,,,,理工,本科,公办,,342,无专业数据,2026/6/15
812,云南农业大学,云南省,云南,昆明,,,,农林,本科,公办,,343,无专业数据,2026/6/15
813,西南林业大学,云南省,云南,昆明,,,,农林,本科,公办,,346,无专业数据,2026/6/15
814,昆明医科大学,云南省,云南,昆明,,,,医药,本科,公办,,347,无专业数据,2026/6/15
815,大理大学,云南省,云南,大理,,,,0,本科,公办,,362,无专业数据,2026/6/15
816,云南中医药大学,云南省,云南,昆明,,,,0,本科,公办,,348,无专业数据,2026/6/15
817,云南师范大学,云南省,云南,昆明,,,,师范,本科,公办,,344,无专业数据,2026/6/15
818,昭通学院,云南省,云南,昭通,,,,0,本科,公办,,2157,年份=年份,2026/6/15
819,曲靖师范学院,云南省,云南,曲靖,,,,0,本科,公办,,1089,年份=年份,2026/6/15
820,普洱学院,云南省,云南,普洱,,,,0,本科,公办,,2158,无专业数据,2026/6/15
821,保山学院,云南省,云南,保山,,,,0,本科,公办,,2520,年份=年份,2026/6/15
822,红河学院,云南省,云南,红河,,,,0,本科,公办,,355,无专业数据,2026/6/15
823,云南财经大学,云南省,云南,昆明,,,,财经,本科,公办,,356,无专业数据,2026/6/15
824,云南艺术学院,云南省,云南,昆明,,,,0,本科,公办,,360,科类=历史类,2026/6/15
825,云南民族大学,云南省,云南,昆明,,,,民族,本科,公办,,345,无专业数据,2026/6/15
826,玉溪师范学院,云南省,云南,玉溪,,,,0,本科,公办,,350,无专业数据,2026/6/15
827,楚雄师范学院,云南省,云南,楚雄,,,,0,本科,公办,,353,年份=年份,2026/6/15
828,云南警官学院,云南省,云南,昆明,,,,0,本科,公办,,359,科类=历史类,2026/6/15
829,昆明学院,云南省,云南,昆明,,,,0,本科,公办,,1044,无专业数据,2026/6/15
830,文山学院,云南省,云南,文山,,,,0,本科,公办,,2521,年份=年份,2026/6/15
831,滇西科技师范学院,云南省,云南,临沧,,,,0,本科,公办,,2165,年份=年份,2026/6/15
832,滇西应用技术大学,云南省,云南,大理,,,,0,本科,公办,,3272,无专业数据,2026/6/15
833,昆明冶金职业大学,,云南,昆明,,,,,本科,公办,,2159,年份=年份,2026/6/15
834,曲靖健康医学院,云南省,云南,曲靖,,,,,本科,公办,,2161,批次=专科批,2026/6/15
835,丽江师范学院,云南省,云南,丽江,,,,0,本科,公办,,2163,年份=年份,2026/6/15
836,德宏师范学院,云南省,云南,德宏,,,,,本科,公办,,2164,年份=年份,2026/6/15
837,西藏农牧大学,西藏自治区,西藏,林芝,,,,,本科,公办,,3407,年份=年份,2026/6/15
838,西藏大学,西藏自治区,西藏,拉萨,,211,双一流,综合,本科,公办,,364,无专业数据,2026/6/15
839,西藏民族大学,西藏自治区,陕西,咸阳,,,,0,本科,公办,,470,年份=年份,2026/6/15
840,西藏藏医药大学,西藏自治区,西藏,拉萨,,,,0,本科,公办,,1093,年份=年份,2026/6/15
841,拉萨师范学院,西藏自治区,西藏,拉萨,,,,,本科,公办,,1917,年份=年份,2026/6/15
842,西北大学,陕西省,陕西,西安,,211,双一流,综合,本科,公办,,37,无专业数据,2026/6/15
843,西安交通大学,教育部,陕西,西安,985,211,双一流,综合,本科,公办,,330,无专业数据,2026/6/15
844,西北工业大学,工业和信息化部,陕西,西安,985,211,双一流,理工,本科,公办,,107,无专业数据,2026/6/15
845,西安理工大学,陕西省,陕西,西安,,,,理工,本科,公办,,349,无专业数据,2026/6/15
846,西安电子科技大学,教育部,陕西,西安,,211,双一流,理工,本科,公办,,57,无专业数据,2026/6/15
847,西安工业大学,陕西省,陕西,西安,,,,理工,本科,公办,,361,无专业数据,2026/6/15
848,西安建筑科技大学,陕西省,陕西,西安,,,,理工,本科,公办,,351,无专业数据,2026/6/15
849,西安科技大学,陕西省,陕西,西安,,,,理工,本科,公办,,352,无专业数据,2026/6/15
850,西安石油大学,陕西省,陕西,西安,,,,理工,本科,公办,,354,无专业数据,2026/6/15
851,陕西科技大学,陕西省,陕西,西安,,,,理工,本科,公办,,357,无专业数据,2026/6/15
852,西安工程大学,陕西省,陕西,西安,,,,理工,本科,公办,,358,无专业数据,2026/6/15
853,长安大学,教育部,陕西,西安,,211,双一流,理工,本科,公办,,36,无专业数据,2026/6/15
854,西北农林科技大学,教育部,陕西,咸阳,985,211,双一流,农林,本科,公办,,332,无专业数据,2026/6/15
855,陕西中医药大学,陕西省,陕西,咸阳,,,,0,本科,公办,,365,无专业数据,2026/6/15
856,陕西师范大学,教育部,陕西,西安,,211,双一流,师范,本科,公办,,334,无专业数据,2026/6/15
857,延安大学,陕西省,陕西,延安,,,,0,本科,公办,,336,无专业数据,2026/6/15
858,陕西理工大学,陕西省,陕西,汉中,,,,0,本科,公办,,371,无专业数据,2026/6/15
859,宝鸡文理学院,陕西省,陕西,宝鸡,,,,0,本科,公办,,369,无专业数据,2026/6/15
860,咸阳师范学院,陕西省,陕西,咸阳,,,,0,本科,公办,,366,无专业数据,2026/6/15
861,渭南师范学院,陕西省,陕西,渭南,,,,0,本科,公办,,368,科类=历史类,2026/6/15
862,西安外国语大学,陕西省,陕西,西安,,,,语言,本科,公办,,373,无专业数据,2026/6/15
863,西北政法大学,陕西省,陕西,西安,,,,政法,本科,公办,,376,无专业数据,2026/6/15
864,西安体育学院,陕西省,陕西,西安,,,,0,本科,公办,,378,年份=年份,2026/6/15
865,西安音乐学院,陕西省,陕西,西安,,,,0,本科,公办,,380,年份=年份,2026/6/15
866,西安美术学院,陕西省,陕西,西安,,,,艺术,本科,公办,,382,科类=历史类,2026/6/15
867,西安文理学院,陕西省,陕西,西安,,,,0,本科,公办,,1043,无专业数据,2026/6/15
868,榆林大学,,陕西,榆林,,,,,本科,公办,,1090,年份=年份,2026/6/15
869,商洛学院,陕西省,陕西,商洛,,,,0,本科,公办,,1262,无专业数据,2026/6/15
870,安康学院,陕西省,陕西,安康,,,,0,本科,公办,,1263,年份=年份,2026/6/15
871,西安财经大学,陕西省,陕西,西安,,,,0,本科,公办,,375,无专业数据,2026/6/15
872,西安邮电大学,陕西省,陕西,西安,,,,理工,本科,公办,,363,无专业数据,2026/6/15
873,西安航空学院,陕西省,陕西,西安,,,,0,本科,公办,,1102,无专业数据,2026/6/15
874,西安医学院,陕西省,陕西,西安,,,,0,本科,公办,,1265,年份=年份,2026/6/15
875,陕西学前师范学院,陕西省,陕西,西安,,,,0,本科,公办,,2815,年份=年份,2026/6/15
876,陕西工业职业技术大学,陕西省,陕西,咸阳,,,,,本科,公办,,2232,年份=年份,2026/6/15
877,陕西农林职业技术大学,陕西省,陕西,咸阳,,,,,本科,公办,,2233,年份=年份,2026/6/15
878,陕西警察学院,陕西省,陕西,西安,,,,0,本科,公办,,1130,批次=专科批,2026/6/15
879,兰州大学,教育部,甘肃,兰州,985,211,双一流,综合,本科,公办,,97,无专业数据,2026/6/15
880,兰州理工大学,甘肃省,甘肃,兰州,,,,理工,本科,公办,,483,无专业数据,2026/6/15
881,兰州交通大学,甘肃省,甘肃,兰州,,,,理工,本科,公办,,488,无专业数据,2026/6/15
882,甘肃农业大学,甘肃省,甘肃,兰州,,,,农林,本科,公办,,492,无专业数据,2026/6/15
883,甘肃中医药大学,甘肃省,甘肃,兰州,,,,0,本科,公办,,498,无专业数据,2026/6/15
884,西北师范大学,甘肃省,甘肃,兰州,,,,师范,本科,公办,,495,无专业数据,2026/6/15
885,兰州城市学院,甘肃省,甘肃,兰州,,,,0,本科,公办,,1269,无专业数据,2026/6/15
886,陇东学院,甘肃省,甘肃,庆阳,,,,0,本科,公办,,1094,无专业数据,2026/6/15
887,天水师范大学,甘肃省,甘肃,天水,,,,,本科,公办,,1095,无专业数据,2026/6/15
888,河西学院,甘肃省,甘肃,张掖,,,,0,本科,公办,,502,年份=年份,2026/6/15
889,兰州财经大学,甘肃省,甘肃,兰州,,,,0,本科,公办,,500,无专业数据,2026/6/15
890,西北民族大学,国家民委,甘肃,兰州,,,,民族,本科,公办,,480,无专业数据,2026/6/15
891,甘肃政法大学,甘肃省,甘肃,兰州,,,,0,本科,公办,,501,无专业数据,2026/6/15
892,甘肃民族师范学院,甘肃省,甘肃,甘南,,,,0,本科,公办,,2358,年份=年份,2026/6/15
893,兰州文理学院,甘肃省,甘肃,兰州,,,,0,本科,公办,,1711,无专业数据,2026/6/15
894,甘肃医学院,甘肃省,甘肃,平凉,,,,0,本科,公办,,1705,年份=年份,2026/6/15
895,兰州工业学院,甘肃省,甘肃,兰州,,,,0,本科,公办,,1707,年份=年份,2026/6/15
896,兰州石化职业技术大学,甘肃省,甘肃,兰州,,,,0,本科,公办,,1710,无专业数据,2026/6/15
897,兰州资源环境职业技术大学,甘肃省,甘肃,兰州,,,,0,本科,公办,,1720,无专业数据,2026/6/15
898,陇南师范学院,甘肃省,甘肃,陇南,,,,0,本科,公办,,1706,年份=年份,2026/6/15
899,酒泉职业技术大学,甘肃省,甘肃,酒泉,,,,,本科,公办,,1713,年份=年份,2026/6/15
900,甘肃警察学院,甘肃省,甘肃,兰州,,,,0,本科,公办,,1715,年份=年份,2026/6/15
901,甘肃林业职业技术大学,甘肃省,甘肃,天水,,,,0,本科,公办,,1716,年份=年份,2026/6/15
902,甘肃工业职业技术大学,甘肃省,甘肃,天水,,,,,本科,公办,,1717,批次=专科批,2026/6/15
903,武威职业技术大学,甘肃省,甘肃,武威,,,,,本科,公办,,1718,年份=年份,2026/6/15
904,青海大学,青海省,青海,西宁,,211,双一流,综合,本科,公办,,367,无专业数据,2026/6/15
905,青海师范大学,青海省,青海,西宁,,,,师范,本科,公办,,370,无专业数据,2026/6/15
906,青海民族大学,青海省,青海,西宁,,,,0,本科,公办,,372,无专业数据,2026/6/15
907,青海职业技术大学,青海省,青海,西宁,,,,0,本科,公办,,1569,无专业数据,2026/6/15
908,宁夏大学,宁夏回族自治区,宁夏,银川,,211,双一流,综合,本科,公办,,544,无专业数据,2026/6/15
909,宁夏医科大学,宁夏回族自治区,宁夏,银川,,,,医药,本科,公办,,546,无专业数据,2026/6/15
910,宁夏师范大学,宁夏回族自治区,宁夏,固原,,,,0,本科,公办,,1241,无专业数据,2026/6/15
911,北方民族大学,国家民委,宁夏,银川,,,,0,本科,公办,,545,无专业数据,2026/6/15
912,宁夏职业技术大学,宁夏回族自治区,宁夏,银川,,,,,本科,公办,,2283,年份=年份,2026/6/15
913,宁夏工商职业技术大学,宁夏回族自治区,宁夏,银川,,,,,本科,公办,,2284,年份=年份,2026/6/15
914,新疆大学,新疆维吾尔自治区,新疆,乌鲁木齐,,211,双一流,综合,本科,公办,,74,无专业数据,2026/6/15
915,塔里木大学,新疆生产建设兵团,新疆,阿拉尔,,,,0,本科,公办,,1091,无专业数据,2026/6/15
916,新疆农业大学,新疆维吾尔自治区,新疆,乌鲁木齐,,,,农林,本科,公办,,233,无专业数据,2026/6/15
917,石河子大学,新疆生产建设兵团,新疆,石河子,,211,双一流,综合,本科,公办,,199,无专业数据,2026/6/15
918,新疆医科大学,新疆维吾尔自治区,新疆,乌鲁木齐,,,,医药,本科,公办,,234,无专业数据,2026/6/15
919,新疆师范大学,新疆维吾尔自治区,新疆,乌鲁木齐,,,,师范,本科,公办,,235,无专业数据,2026/6/15
920,喀什大学,新疆维吾尔自治区,新疆,喀什,,,,0,本科,公办,,236,无专业数据,2026/6/15
921,伊犁师范大学,新疆维吾尔自治区,新疆,伊犁,,,,0,本科,公办,,1036,无专业数据,2026/6/15
922,新疆财经大学,新疆维吾尔自治区,新疆,乌鲁木齐,,,,财经,本科,公办,,237,无专业数据,2026/6/15
923,新疆艺术学院,新疆维吾尔自治区,新疆,乌鲁木齐,,,,0,本科,公办,,238,无专业数据,2026/6/15
924,新疆工程学院,新疆维吾尔自治区,新疆,乌鲁木齐,,,,0,本科,公办,,2066,无专业数据,2026/6/15
925,昌吉学院,新疆维吾尔自治区,新疆,昌吉,,,,0,本科,公办,,239,无专业数据,2026/6/15
926,新疆警察学院,新疆维吾尔自治区,新疆,乌鲁木齐,,,,0,本科,公办,,2068,年份=年份,2026/6/15
927,新疆理工学院,新疆维吾尔自治区,新疆,阿克苏,,,,0,本科,公办,,2487,无专业数据,2026/6/15
928,新疆第二医学院,新疆维吾尔自治区,新疆,克拉玛依,,,,0,本科,公办,,2490,无专业数据,2026/6/15
929,新疆科技学院,新疆维吾尔自治区,新疆,巴音郭楞,,,,0,本科,公办,,2489,无专业数据,2026/6/15
930,新疆政法学院,新疆生产建设兵团,新疆,图木舒克,,,,0,本科,公办,,2631,无专业数据,2026/6/15
931,新疆和田学院,新疆维吾尔自治区,新疆,和田,,,,0,本科,公办,,3705,无专业数据,2026/6/15
932,新疆农业职业技术大学,新疆维吾尔自治区,新疆,昌吉,,,,0,本科,公办,,1333,年份=年份,2026/6/15
933,乌鲁木齐职业大学,新疆维吾尔自治区,新疆,乌鲁木齐,,,,综合,本科,公办,,2070,年份=年份,2026/6/15
934,新疆交通职业技术大学,新疆维吾尔自治区,新疆,乌鲁木齐,,,,,本科,公办,,1372,年份=年份,2026/6/15
935,空军军医大学,,陕西,西安,,,双一流,0,本科,公办,,937,批次=本科提前批,2026/6/15
936,重庆中医药学院,重庆市,重庆,重庆,,,,0,本科,公办,,3624,无专业数据,2026/6/15
937,安徽公安学院,安徽省,安徽,合肥,,,,0,本科,公办,,3688,年份=年份,2026/6/15
938,康复大学,山东省,山东,青岛,,,,0,本科,公办,,3703,年份=年份,2026/6/15
939,河南体育学院,河南省,河南,郑州,,,,0,本科,公办,,3627,年份=年份,2026/6/15
940,深圳理工大学,广东省,广东,深圳,,,,0,本科,公办,,3704,无专业数据,2026/6/15
941,青海理工学院,青海省,青海,西宁,,,,0,本科,公办,,3731,无专业数据,2026/6/15
942,新疆工业学院,新疆生产建设兵团,新疆,和田,,,,,本科,公办,,3753,年份=年份,2026/6/15
943,山西医药学院,山西省,山西,吕梁,,,,,本科,公办,,1152,年份=年份,2026/6/15
944,大湾区大学,广东省,广东,东莞,,,,0,本科,公办,,3810,无专业数据,2026/6/15
945,海南警察学院,海南省,海南,海口,,,,,本科,公办,,3812,省份=,2026/6/15
946,西安戏剧学院,陕西省,陕西,西安,,,,,本科,公办,,3813,省份=,2026/6/15
947,新疆理工职业大学,新疆生产建设兵团,新疆,喀什,,,,,本科,公办,,3815,年份=年份,2026/6/15
948,北京城市学院,北京市教委,北京,北京,,,,0,本科,民办,,559,无专业数据,2026/6/15
949,首都师范大学科德学院,北京市教委,北京,北京,,,,艺术,本科,民办,,819,年份=年份,2026/6/15
950,北京金融科技学院,北京市教委,北京,北京,,,,0,本科,民办,,1110,年份=年份,2026/6/15
951,北京邮电大学世纪学院,北京市教委,北京,北京,,,,综合,本科,民办,,1115,科类=历史类,2026/6/15
952,北京工业大学耿丹学院,北京市教委,北京,北京,,,,综合,本科,民办,,1112,年份=年份,2026/6/15
953,北京第二外国语学院中瑞酒店管理学院,北京市教委,北京,北京,,,,综合,本科,民办,,1456,年份=2024,2026/6/15
954,天津天狮学院,天津市教委,天津,天津,,,,0,本科,民办,,2304,年份=年份,2026/6/15
955,天津外国语大学滨海外事学院,天津市教委,天津,天津,,,,语言,本科,民办,,2696,科类=历史类,2026/6/15
956,天津传媒学院,天津市教委,天津,天津,,,,0,本科,民办,,2297,年份=年份,2026/6/15
957,天津商业大学宝德学院,天津市教委,天津,天津,,,,财经,本科,民办,,2298,无专业数据,2026/6/15
958,天津医科大学临床医学院,天津市教委,天津,天津,,,,医药,本科,民办,,2299,无专业数据,2026/6/15
959,南开大学滨海学院,天津市教委,天津,天津,,,,综合,本科,民办,,1431,省份=,2026/6/15
960,天津师范大学津沽学院,天津市教委,天津,天津,,,,0,本科,民办,,2301,省份=,2026/6/15
961,天津理工大学中环信息学院,天津市教委,天津,天津,,,,综合,本科,民办,,2302,无专业数据,2026/6/15
962,北京科技大学天津学院,天津市教委,天津,天津,,,,综合,本科,民办,,2300,无专业数据,2026/6/15
963,天津仁爱学院,天津市教委,天津,天津,,,,0,本科,民办,,1601,无专业数据,2026/6/15
964,天津财经大学珠江学院,天津市教委,天津,天津,,,,财经,本科,民办,,2303,无专业数据,2026/6/15
965,河北传媒学院,河北省教育厅,河北,石家庄,,,,0,本科,民办,,1387,无专业数据,2026/6/15
966,河北工程技术学院,河北省教育厅,河北,石家庄,,,,0,本科,民办,,721,年份=年份,2026/6/15
967,河北美术学院,河北省教育厅,河北,石家庄,,,,0,本科,民办,,659,年份=年份,2026/6/15
968,河北科技学院,河北省教育厅,河北,保定,,,,0,本科,民办,,2841,年份=年份,2026/6/15
969,河北外国语学院,河北省教育厅,河北,石家庄,,,,0,本科,民办,,748,无专业数据,2026/6/15
971,华北理工大学轻工学院,河北省教育厅,河北,唐山,,,,综合,本科,民办,,2833,无专业数据,2026/6/15
972,河北师范大学汇华学院,河北省教育厅,河北,石家庄,,,,师范,本科,民办,,1408,年份=年份,2026/6/15
973,河北经贸大学经济管理学院,河北省教育厅,河北,石家庄,,,,财经,本科,民办,,1577,年份=年份,2026/6/15
974,河北医科大学临床学院,河北省教育厅,河北,石家庄,,,,医药,本科,民办,,1576,无专业数据,2026/6/15
975,河北工程大学科信学院,河北省教育厅,河北,邯郸,,,,综合,本科,民办,,1586,无专业数据,2026/6/15
976,燕山大学里仁学院,河北省教育厅,河北,秦皇岛,,,,0,本科,民办,,1585,年份=2021,2026/6/15
977,石家庄铁道大学四方学院,河北省教育厅,河北,石家庄,,,,综合,本科,民办,,1578,无专业数据,2026/6/15
978,河北地质大学华信学院,河北省教育厅,河北,石家庄,,,,财经,本科,民办,,1402,无专业数据,2026/6/15
979,河北农业大学现代科技学院,河北省教育厅,河北,保定,,,,综合,本科,民办,,1581,年份=年份,2026/6/15
980,华北理工大学冀唐学院,河北省教育厅,河北,唐山,,,,医药,本科,民办,,2847,年份=年份,2026/6/15
981,保定理工学院,河北省教育厅,河北,保定,,,,0,本科,民办,,1167,年份=年份,2026/6/15
982,燕京理工学院,河北省教育厅,河北,廊坊,,,,0,本科,民办,,1398,年份=2022,2026/6/15
983,北京中医药大学东方学院,河北省教育厅,河北,廊坊,,,,医药,本科,民办,,1401,无专业数据,2026/6/15
984,沧州交通学院,河北省教育厅,河北,沧州,,,,0,本科,民办,,1461,无专业数据,2026/6/15
985,河北东方学院,河北省教育厅,河北,廊坊,,,,0,本科,民办,,1539,无专业数据,2026/6/15
986,山西应用科技学院,山西省教育厅,山西,太原,,,,0,本科,民办,,1669,无专业数据,2026/6/15
987,晋中信息学院,山西省教育厅,山西,晋中,,,,0,本科,民办,,2326,年份=年份,2026/6/15
988,山西晋中理工学院,山西省教育厅,山西,晋中,,,,0,本科,民办,,2328,无专业数据,2026/6/15
989,晋中健康学院,山西省教育厅,山西,晋中,,,,,本科,民办,,2330,年份=年份,2026/6/15
990,山西财经大学华商学院,山西省教育厅,山西,太原,,,,0,本科,民办,,2331,省份=,2026/6/15
991,山西工商学院,山西省教育厅,山西,太原,,,,0,本科,民办,,2840,年份=年份,2026/6/15
992,运城职业技术大学,山西省教育厅,山西,运城,,,,0,本科,民办,,2332,无专业数据,2026/6/15
993,内蒙古大学创业学院,内蒙古自治区教育厅,内蒙古,呼和浩特,,,,综合,本科,民办,,2320,年份=年份,2026/6/15
994,内蒙古鸿德文理学院,内蒙古自治区教育厅,内蒙古,呼和浩特,,,,0,本科,民办,,1573,年份=年份,2026/6/15
995,辽宁对外经贸学院,辽宁省教育厅,辽宁,大连,,,,0,本科,民办,,1244,无专业数据,2026/6/15
996,辽宁理工职业大学,辽宁省教育厅,辽宁,锦州,,,,0,本科,民办,,1702,年份=年份,2026/6/15
997,大连理工大学城市学院,辽宁省教育厅,辽宁,大连,,,,理工,本科,民办,,1305,无专业数据,2026/6/15
1000,沈阳工学院,辽宁省教育厅,辽宁,抚顺,,,,0,本科,民办,,1697,无专业数据,2026/6/15
1001,大连工业大学艺术与信息工程学院,辽宁省教育厅,辽宁,大连,,,,理工,本科,民办,,1288,年份=年份,2026/6/15
1002,大连科技学院,辽宁省教育厅,辽宁,大连,,,,0,本科,民办,,2338,年份=年份,2026/6/15
1003,沈阳城市建设学院,辽宁省教育厅,辽宁,沈阳,,,,0,本科,民办,,2343,无专业数据,2026/6/15
1004,大连医科大学中山学院,辽宁省教育厅,辽宁,大连,,,,医药,本科,民办,,2348,无专业数据,2026/6/15
1005,锦州医科大学医疗学院,辽宁省教育厅,辽宁,锦州,,,,医药,本科,民办,,2347,无专业数据,2026/6/15
1006,辽宁师范大学海华学院,辽宁省教育厅,辽宁,大连,,,,综合,本科,民办,,2342,无专业数据,2026/6/15
1007,辽宁理工学院,辽宁省教育厅,辽宁,锦州,,,,0,本科,民办,,1166,年份=年份,2026/6/15
1008,大连财经学院,辽宁省教育厅,辽宁,大连,,,,0,本科,民办,,1549,无专业数据,2026/6/15
1009,沈阳城市学院,辽宁省教育厅,辽宁,沈阳,,,,0,本科,民办,,2337,无专业数据,2026/6/15
1010,大连艺术学院,辽宁省教育厅,辽宁,大连,,,,0,本科,民办,,2353,年份=年份,2026/6/15
1011,辽宁中医药大学杏林学院,辽宁省教育厅,辽宁,沈阳,,,,医药,本科,民办,,2344,无专业数据,2026/6/15
1012,辽宁何氏医学院,辽宁省教育厅,辽宁,沈阳,,,,0,本科,民办,,2346,无专业数据,2026/6/15
1013,沈阳科技学院,辽宁省教育厅,辽宁,沈阳,,,,0,本科,民办,,2350,年份=年份,2026/6/15
1014,大连东软信息学院,辽宁省教育厅,辽宁,大连,,,,0,本科,民办,,2351,无专业数据,2026/6/15
1015,辽宁财贸学院,辽宁省教育厅,辽宁,葫芦岛,,,,0,本科,民办,,2352,年份=年份,2026/6/15
1016,辽宁传媒学院,辽宁省教育厅,辽宁,沈阳,,,,0,本科,民办,,1701,无专业数据,2026/6/15
1017,吉林外国语大学,吉林省教育厅,吉林,长春,,,,0,本科,民办,,411,无专业数据,2026/6/15
1018,长春光华学院,吉林省教育厅,吉林,长春,,,,0,本科,民办,,2313,年份=年份,2026/6/15
1019,长春工业大学人文信息学院,吉林省教育厅,吉林,长春,,,,综合,本科,民办,,1419,年份=年份,2026/6/15
1020,长春电子科技学院,吉林省教育厅,吉林,长春,,,,0,本科,民办,,1314,无专业数据,2026/6/15
1021,长春财经学院,吉林省教育厅,吉林,长春,,,,0,本科,民办,,2314,无专业数据,2026/6/15
1022,吉林建筑科技学院,吉林省教育厅,吉林,长春,,,,0,本科,民办,,1620,无专业数据,2026/6/15
1023,长春建筑学院,吉林省教育厅,吉林,长春,,,,0,本科,民办,,1409,年份=2021,2026/6/15
1024,长春科技学院,吉林省教育厅,吉林,长春,,,,0,本科,民办,,1274,无专业数据,2026/6/15
1025,吉林动画学院,吉林省教育厅,吉林,长春,,,,0,本科,民办,,1373,年份=年份,2026/6/15
1026,吉林师范大学博达学院,吉林省教育厅,吉林,四平,,,,综合,本科,民办,,1276,无专业数据,2026/6/15
1027,长春大学旅游学院,吉林省教育厅,吉林,长春,,,,综合,本科,民办,,2315,年份=年份,2026/6/15
1028,长春人文学院,吉林省教育厅,吉林,长春,,,,0,本科,民办,,1621,无专业数据,2026/6/15
1029,黑龙江东方学院,黑龙江省教育厅,黑龙江,哈尔滨,,,,0,本科,民办,,456,无专业数据,2026/6/15
1030,哈尔滨信息工程学院,黑龙江省教育厅,黑龙江,哈尔滨,,,,0,本科,民办,,763,年份=年份,2026/6/15
1031,齐齐哈尔工程学院,黑龙江省教育厅,黑龙江,齐齐哈尔,,,,0,本科,民办,,767,年份=年份,2026/6/15
1032,黑龙江外国语学院,黑龙江省教育厅,黑龙江,哈尔滨,,,,0,本科,民办,,1328,无专业数据,2026/6/15
1033,黑龙江财经学院,黑龙江省教育厅,黑龙江,哈尔滨,,,,0,本科,民办,,2537,年份=年份,2026/6/15
1034,哈尔滨石油学院,黑龙江省教育厅,黑龙江,哈尔滨,,,,0,本科,民办,,2535,年份=年份,2026/6/15
1035,黑龙江工商学院,黑龙江省教育厅,黑龙江,哈尔滨,,,,0,本科,民办,,2532,无专业数据,2026/6/15
1036,哈尔滨远东理工学院,黑龙江省教育厅,黑龙江,哈尔滨,,,,0,本科,民办,,2530,无专业数据,2026/6/15
1037,哈尔滨剑桥学院,黑龙江省教育厅,黑龙江,哈尔滨,,,,0,本科,民办,,2533,年份=年份,2026/6/15
1038,黑龙江工程学院昆仑旅游学院,黑龙江省教育厅,黑龙江,哈尔滨,,,,综合,本科,民办,,2536,年份=年份,2026/6/15
1039,哈尔滨广厦学院,黑龙江省教育厅,黑龙江,哈尔滨,,,,0,本科,民办,,2534,年份=年份,2026/6/15
1040,哈尔滨华德学院,黑龙江省教育厅,黑龙江,哈尔滨,,,,0,本科,民办,,2531,无专业数据,2026/6/15
1041,上海杉达学院,上海市教委,上海,上海,,,,0,本科,民办,,329,无专业数据,2026/6/15
1042,上海立达学院,上海市教委,上海,上海,,,,0,本科,民办,,680,无专业数据,2026/6/15
1043,上海建桥学院,上海市教委,上海,上海,,,,0,本科,民办,,676,无专业数据,2026/6/15
1044,上海兴伟学院,上海市教委,上海,上海,,,,0,本科,民办,,684,无专业数据,2026/6/15
1045,上海中侨职业技术大学,上海市教委,上海,上海,,,,0,本科,民办,,706,无专业数据,2026/6/15
1046,上海视觉艺术学院,上海市教委,上海,上海,,,,0,本科,民办,,1469,无专业数据,2026/6/15
1047,上海外国语大学贤达经济人文学院,上海市教委,上海,上海,,,,语言,本科,民办,,1304,无专业数据,2026/6/15
1048,上海师范大学天华学院,上海市教委,上海,上海,,,,师范,本科,民办,,1215,无专业数据,2026/6/15
1049,三江学院,江苏省教育厅,江苏,南京,,,,0,本科,民办,,1179,无专业数据,2026/6/15
1050,南通理工学院,江苏省教育厅,江苏,南通,,,,0,本科,民办,,1544,无专业数据,2026/6/15
1051,东南大学成贤学院,江苏省教育厅,江苏,南京,,,,综合,本科,民办,,1145,无专业数据,2026/6/15
1052,无锡太湖学院,江苏省教育厅,江苏,无锡,,,,0,本科,民办,,2222,无专业数据,2026/6/15
1053,中国矿业大学徐海学院,江苏省教育厅,江苏,徐州,,,,综合,本科,民办,,1129,无专业数据,2026/6/15
1054,南京大学金陵学院,江苏省教育厅,江苏,南京,,,,0,本科,民办,,2540,省份=,2026/6/15
1055,南京理工大学紫金学院,江苏省教育厅,江苏,南京,,,,综合,本科,民办,,2541,无专业数据,2026/6/15
1056,南京航空航天大学金城学院,江苏省教育厅,江苏,南京,,,,综合,本科,民办,,2542,无专业数据,2026/6/15
1057,南京传媒学院,江苏省教育厅,江苏,南京,,,,0,本科,民办,,2543,无专业数据,2026/6/15
1058,南京理工大学泰州科技学院,江苏省教育厅,江苏,泰州,,,,综合,本科,民办,,1143,无专业数据,2026/6/15
1059,南京师范大学泰州学院,江苏省教育厅,江苏,泰州,,,,师范,本科,民办,,1442,科类=历史类,2026/6/15
1060,南京工业大学浦江学院,江苏省教育厅,江苏,南京,,,,综合,本科,民办,,2544,无专业数据,2026/6/15
1061,南京师范大学中北学院,江苏省教育厅,江苏,镇江,,,,综合,本科,民办,,2545,无专业数据,2026/6/15
1062,南京医科大学康达学院,江苏省教育厅,江苏,连云港,,,,医药,本科,民办,,2546,无专业数据,2026/6/15
1063,南京中医药大学翰林学院,江苏省教育厅,江苏,泰州,,,,0,本科,民办,,2547,省份=,2026/6/15
1064,苏州大学应用技术学院,江苏省教育厅,江苏,苏州,,,,综合,本科,民办,,2549,无专业数据,2026/6/15
1065,苏州科技大学天平学院,江苏省教育厅,江苏,南京,,,,综合,本科,民办,,2550,无专业数据,2026/6/15
1066,江苏大学京江学院,江苏省教育厅,江苏,镇江,,,,综合,本科,民办,,1437,无专业数据,2026/6/15
1067,扬州大学广陵学院,江苏省教育厅,江苏,扬州,,,,综合,本科,民办,,2551,无专业数据,2026/6/15
1068,江苏师范大学科文学院,江苏省教育厅,江苏,徐州,,,,师范,本科,民办,,2552,无专业数据,2026/6/15
1069,南京邮电大学通达学院,江苏省教育厅,江苏,扬州,,,,综合,本科,民办,,2553,无专业数据,2026/6/15
1070,南京财经大学红山学院,江苏省教育厅,江苏,南京,,,,财经,本科,民办,,1190,无专业数据,2026/6/15
1071,江苏科技大学苏州理工学院,江苏省教育厅,江苏,苏州,,,,综合,本科,民办,,2554,无专业数据,2026/6/15
1072,常州大学怀德学院,江苏省教育厅,江苏,泰州,,,,综合,本科,民办,,1553,无专业数据,2026/6/15
1073,南通大学杏林学院,江苏省教育厅,江苏,南通,,,,综合,本科,民办,,2555,无专业数据,2026/6/15
1074,南京审计大学金审学院,江苏省教育厅,江苏,南京,,,,综合,本科,民办,,3340,无专业数据,2026/6/15
1075,浙江树人学院,浙江省教育厅,浙江,杭州,,,,0,本科,民办,,1791,年份=年份,2026/6/15
1076,浙江越秀外国语学院,浙江省教育厅,浙江,绍兴,,,,0,本科,民办,,2402,无专业数据,2026/6/15
1077,宁波财经学院,浙江省教育厅,浙江,宁波,,,,0,本科,民办,,2401,科类=历史类,2026/6/15
1078,浙江广厦建设职业技术大学,浙江省教育厅,浙江,金华,,,,0,本科,民办,,1794,年份=年份,2026/6/15
1079,浙江工业大学之江学院,浙江省教育厅,浙江,杭州,,,,理工,本科,民办,,2381,无专业数据,2026/6/15
1080,浙江师范大学行知学院,浙江省教育厅,浙江,金华,,,,综合,本科,民办,,2382,无专业数据,2026/6/15
1081,宁波大学科学技术学院,浙江省教育厅,浙江,宁波,,,,综合,本科,民办,,2383,无专业数据,2026/6/15
1082,杭州电子科技大学信息工程学院,浙江省教育厅,浙江,杭州,,,,理工,本科,民办,,2384,无专业数据,2026/6/15
1083,浙江理工大学科技与艺术学院,浙江省教育厅,浙江,杭州,,,,理工,本科,民办,,2385,年份=年份,2026/6/15
1084,浙江农林大学暨阳学院,浙江省教育厅,浙江,绍兴,,,,综合,本科,民办,,2387,无专业数据,2026/6/15
1085,温州医科大学仁济学院,浙江省教育厅,浙江,温州,,,,医药,本科,民办,,2388,年份=年份,2026/6/15
1086,浙江中医药大学滨江学院,浙江省教育厅,浙江,杭州,,,,0,本科,民办,,2389,年份=年份,2026/6/15
1087,杭州师范大学钱江学院,浙江省教育厅,浙江,杭州,,,,0,本科,民办,,2390,省份=,2026/6/15
1088,浙江工商大学杭州商学院,浙江省教育厅,浙江,杭州,,,,财经,本科,民办,,2394,无专业数据,2026/6/15
1089,中国计量大学现代科技学院,浙江省教育厅,浙江,杭州,,,,理工,本科,民办,,2395,无专业数据,2026/6/15
1090,浙江财经大学东方学院,浙江省教育厅,浙江,嘉兴,,,,财经,本科,民办,,2396,年份=年份,2026/6/15
1091,温州商学院,浙江省教育厅,浙江,温州,,,,0,本科,民办,,2398,年份=年份,2026/6/15
1092,同济大学浙江学院,浙江省教育厅,浙江,嘉兴,,,,0,本科,民办,,2399,省份=,2026/6/15
1093,上海财经大学浙江学院,浙江省教育厅,浙江,金华,,,,财经,本科,民办,,2400,无专业数据,2026/6/15
1094,西湖大学,浙江省教育厅,浙江,杭州,,,,0,本科,民办,,3462,年份=年份,2026/6/15
1095,安徽三联学院,安徽省教育厅,安徽,合肥,,,,0,本科,民办,,1847,年份=年份,2026/6/15
1096,安徽新华学院,安徽省教育厅,安徽,合肥,,,,0,本科,民办,,1848,无专业数据,2026/6/15
1097,安徽文达信息工程学院,安徽省教育厅,安徽,合肥,,,,0,本科,民办,,1855,年份=年份,2026/6/15
1098,安徽外国语学院,安徽省教育厅,安徽,合肥,,,,0,本科,民办,,2839,无专业数据,2026/6/15
1099,蚌埠工商学院,安徽省教育厅,安徽,蚌埠,,,,0,本科,民办,,2410,无专业数据,2026/6/15
1100,安徽信息工程学院,安徽省教育厅,安徽,芜湖,,,,0,本科,民办,,2413,无专业数据,2026/6/15
1101,马鞍山学院,安徽省教育厅,安徽,马鞍山,,,,0,本科,民办,,2409,无专业数据,2026/6/15
1102,合肥城市学院,安徽省教育厅,安徽,合肥,,,,0,本科,民办,,2412,无专业数据,2026/6/15
1103,合肥经济学院,安徽省教育厅,安徽,合肥,,,,0,本科,民办,,2407,年份=年份,2026/6/15
1104,芜湖学院,安徽省教育厅,安徽,芜湖,,,,0,本科,民办,,2406,年份=年份,2026/6/15
1105,安徽医科大学临床医学院,安徽省教育厅,安徽,合肥,,,,医药,本科,民办,,2408,无专业数据,2026/6/15
1106,阜阳理工学院,安徽省教育厅,安徽,阜阳,,,,0,本科,民办,,2414,无专业数据,2026/6/15
1107,淮北理工学院,安徽省教育厅,安徽,淮北,,,,0,本科,民办,,2411,年份=年份,2026/6/15
1108,皖江工学院,安徽省教育厅,安徽,马鞍山,,,,0,本科,民办,,2415,无专业数据,2026/6/15
1109,仰恩大学,福建省教育厅,福建,泉州,,,,0,本科,民办,,472,年份=年份,2026/6/15
1110,厦门华厦学院,福建省教育厅,福建,厦门,,,,0,本科,民办,,1897,无专业数据,2026/6/15
1111,闽南理工学院,福建省教育厅,福建,泉州,,,,0,本科,民办,,1895,无专业数据,2026/6/15
1112,泉州职业技术大学,福建省教育厅,福建,泉州,,,,0,本科,民办,,1903,无专业数据,2026/6/15
1113,闽南科技学院,福建省教育厅,福建,泉州,,,,0,本科,民办,,1892,无专业数据,2026/6/15
1114,福州工商学院,福建省教育厅,福建,福州,,,,0,本科,民办,,1891,年份=年份,2026/6/15
1115,厦门工学院,福建省教育厅,福建,厦门,,,,0,本科,民办,,2421,无专业数据,2026/6/15
1116,阳光学院,福建省教育厅,福建,福州,,,,0,本科,民办,,1889,无专业数据,2026/6/15
1117,厦门大学嘉庚学院,福建省教育厅,福建,漳州,,,,综合,本科,民办,,1888,无专业数据,2026/6/15
1118,福州大学至诚学院,福建省教育厅,福建,福州,,,,综合,本科,民办,,1893,无专业数据,2026/6/15
1119,集美大学诚毅学院,福建省教育厅,福建,厦门,,,,综合,本科,民办,,1214,无专业数据,2026/6/15
1120,福建师范大学协和学院,福建省教育厅,福建,福州,,,,综合,本科,民办,,1890,无专业数据,2026/6/15
1121,福州外语外贸学院,福建省教育厅,福建,福州,,,,0,本科,民办,,2838,无专业数据,2026/6/15
1122,泉州信息工程学院,福建省教育厅,福建,泉州,,,,0,本科,民办,,1909,无专业数据,2026/6/15
1123,福州理工学院,福建省教育厅,福建,福州,,,,0,本科,民办,,1913,无专业数据,2026/6/15
1124,福建农林大学金山学院,福建省教育厅,福建,福州,,,,综合,本科,民办,,1894,无专业数据,2026/6/15
1125,江西科技学院,江西省教育厅,江西,南昌,,,,0,本科,民办,,869,无专业数据,2026/6/15
1126,江西工程学院,江西省教育厅,江西,新余,,,,0,本科,民办,,957,无专业数据,2026/6/15
1127,南昌理工学院,江西省教育厅,江西,南昌,,,,0,本科,民办,,868,无专业数据,2026/6/15
1128,江西应用科技学院,江西省教育厅,江西,南昌,,,,0,本科,民办,,928,无专业数据,2026/6/15
1129,江西服装学院,江西省教育厅,江西,南昌,,,,0,本科,民办,,2887,无专业数据,2026/6/15
1130,南昌职业大学,江西省教育厅,江西,南昌,,,,0,本科,民办,,909,无专业数据,2026/6/15
1131,南昌工学院,江西省教育厅,江西,南昌,,,,0,本科,民办,,2843,无专业数据,2026/6/15
1132,南昌大学科学技术学院,江西省教育厅,江西,南昌,,,,综合,本科,民办,,2427,无专业数据,2026/6/15
1133,南昌大学共青学院,江西省教育厅,江西,九江,,,,综合,本科,民办,,2439,年份=年份,2026/6/15
1134,南昌交通学院,江西省教育厅,江西,南昌,,,,0,本科,民办,,2430,无专业数据,2026/6/15
1135,南昌航空大学科技学院,江西省教育厅,江西,南昌,,,,理工,本科,民办,,2433,无专业数据,2026/6/15
1136,景德镇艺术职业大学,江西省教育厅,江西,景德镇,,,,0,本科,民办,,2437,年份=2024,2026/6/15
1137,江西农业大学南昌商学院,江西省教育厅,江西,南昌,,,,综合,本科,民办,,2428,无专业数据,2026/6/15
1138,江西师范大学科学技术学院,江西省教育厅,江西,南昌,,,,综合,本科,民办,,2429,无专业数据,2026/6/15
1139,赣南师范大学科技学院,江西省教育厅,江西,赣州,,,,综合,本科,民办,,2436,无专业数据,2026/6/15
1140,南昌应用技术师范学院,江西省教育厅,江西,南昌,,,,0,本科,民办,,2438,无专业数据,2026/6/15
1141,江西财经大学现代经济管理学院,江西省教育厅,江西,南昌,,,,财经,本科,民办,,2435,无专业数据,2026/6/15
1142,江西软件职业技术大学,江西省教育厅,江西,南昌,,,,0,本科,民办,,3464,无专业数据,2026/6/15
1143,南昌科技职业大学,,江西,南昌,,,,,本科,民办,,2440,年份=年份,2026/6/15
1144,九江科技职业大学,江西省教育厅,江西,九江,,,,,本科,民办,,3120,年份=年份,2026/6/15
1145,齐鲁医药学院,山东省教育厅,山东,淄博,,,,0,本科,民办,,2135,无专业数据,2026/6/15
1146,青岛滨海学院,山东省教育厅,山东,青岛,,,,0,本科,民办,,1245,年份=年份,2026/6/15
1147,烟台南山学院,山东省教育厅,山东,烟台,,,,0,本科,民办,,2136,无专业数据,2026/6/15
1148,潍坊科技学院,山东省教育厅,山东,潍坊,,,,0,本科,民办,,2134,年份=年份,2026/6/15
1149,山东英才学院,山东省教育厅,山东,济南,,,,0,本科,民办,,2133,无专业数据,2026/6/15
1150,青岛恒星科技学院,山东省教育厅,山东,青岛,,,,0,本科,民办,,2141,年份=年份,2026/6/15
1151,青岛黄海学院,山东省教育厅,山东,青岛,,,,0,本科,民办,,2155,年份=年份,2026/6/15
1152,山东现代学院,山东省教育厅,山东,济南,,,,0,本科,民办,,2150,年份=年份,2026/6/15
1153,山东协和学院,山东省教育厅,山东,济南,,,,0,本科,民办,,2837,无专业数据,2026/6/15
1154,山东工程职业技术大学,山东省教育厅,山东,济南,,,,0,本科,民办,,2146,批次=专科批,2026/6/15
1155,烟台理工学院,山东省教育厅,山东,烟台,,,,0,本科,民办,,1446,无专业数据,2026/6/15
1156,聊城大学东昌学院,山东省教育厅,山东,聊城,,,,综合,本科,民办,,2519,科类=历史类,2026/6/15
1157,青岛城市学院,山东省教育厅,山东,青岛,,,,0,本科,民办,,1400,无专业数据,2026/6/15
1158,潍坊理工学院,山东省教育厅,山东,潍坊,,,,0,本科,民办,,2518,年份=年份,2026/6/15
1159,山东财经大学燕山学院,山东省教育厅,山东,济南,,,,财经,本科,民办,,2966,年份=年份,2026/6/15
1160,山东外国语职业技术大学,山东省教育厅,山东,日照,,,,0,本科,民办,,2144,批次=专科批,2026/6/15
1161,泰山科技学院,山东省教育厅,山东,泰安,,,,0,本科,民办,,2513,批次=专科批,2026/6/15
1162,山东华宇工学院,山东省教育厅,山东,德州,,,,0,本科,民办,,2154,年份=年份,2026/6/15
1163,山东外事职业大学,山东省教育厅,山东,威海,,,,0,本科,民办,,2148,年份=年份,2026/6/15
1164,青岛工学院,山东省教育厅,山东,青岛,,,,0,本科,民办,,2514,无专业数据,2026/6/15
1165,青岛农业大学海都学院,山东省教育厅,山东,烟台,,,,综合,本科,民办,,2516,年份=年份,2026/6/15
1166,齐鲁理工学院,山东省教育厅,山东,济南,,,,0,本科,民办,,2517,无专业数据,2026/6/15
1167,山东财经大学东方学院,山东省教育厅,山东,泰安,,,,综合,本科,民办,,1540,年份=年份,2026/6/15
1168,烟台科技学院,山东省教育厅,山东,烟台,,,,0,本科,民办,,3602,无专业数据,2026/6/15
1169,青岛电影学院,山东省教育厅,山东,青岛,,,,0,本科,民办,,2844,无专业数据,2026/6/15
1170,黄河科技学院,河南省教育厅,河南,郑州,,,,0,本科,民办,,469,无专业数据,2026/6/15
1171,郑州科技学院,河南省教育厅,河南,郑州,,,,0,本科,民办,,2452,无专业数据,2026/6/15
1172,郑州工业应用技术学院,河南省教育厅,河南,郑州,,,,0,本科,民办,,1512,无专业数据,2026/6/15
1173,郑州财经学院,河南省教育厅,河南,郑州,,,,0,本科,民办,,1125,无专业数据,2026/6/15
1174,黄河交通学院,河南省教育厅,河南,焦作,,,,0,本科,民办,,1307,年份=年份,2026/6/15
1175,商丘工学院,河南省教育厅,河南,商丘,,,,0,本科,民办,,1161,无专业数据,2026/6/15
1176,河南开封科技传媒学院,河南省教育厅,河南,开封,,,,0,本科,民办,,1324,无专业数据,2026/6/15
1177,中原科技学院,河南省教育厅,河南,郑州,,,,0,本科,民办,,1530,年份=年份,2026/6/15
1178,信阳学院,河南省教育厅,河南,信阳,,,,0,本科,民办,,1532,无专业数据,2026/6/15
1179,安阳学院,河南省教育厅,河南,安阳,,,,0,本科,民办,,2448,年份=年份,2026/6/15
1180,豫北医学院,河南省教育厅,河南,新乡,,,,,本科,民办,,1941,无专业数据,2026/6/15
1181,新乡工程学院,河南省教育厅,河南,新乡,,,,0,本科,民办,,2449,年份=年份,2026/6/15
1182,郑州工商学院,河南省教育厅,河南,郑州,,,,0,本科,民办,,1148,年份=年份,2026/6/15
1183,郑州经贸学院,河南省教育厅,河南,郑州,,,,0,本科,民办,,1114,年份=年份,2026/6/15
1184,商丘学院,河南省教育厅,河南,商丘,,,,0,本科,民办,,2842,年份=年份,2026/6/15
1185,郑州商学院,河南省教育厅,河南,郑州,,,,0,本科,民办,,2451,年份=年份,2026/6/15
1186,河南科技职业大学,河南省教育厅,河南,周口,,,,0,本科,民办,,2455,年份=年份,2026/6/15
1187,郑州升达经贸管理学院,河南省教育厅,河南,郑州,,,,0,本科,民办,,2836,年份=年份,2026/6/15
1188,郑州西亚斯学院,河南省教育厅,河南,郑州,,,,0,本科,民办,,3423,无专业数据,2026/6/15
1189,郑州健康学院,河南省教育厅,河南,郑州,,,,,本科,民办,,1942,无专业数据,2026/6/15
1190,漯河食品工程职业大学,河南省教育厅,河南,漯河,,,,0,本科,民办,,2453,年份=年份,2026/6/15
1191,武汉东湖学院,湖北省教育厅,湖北,武汉,,,,0,本科,民办,,1159,无专业数据,2026/6/15
1192,汉口学院,湖北省教育厅,湖北,武汉,,,,0,本科,民办,,1105,无专业数据,2026/6/15
1193,武昌首义学院,湖北省教育厅,湖北,武汉,,,,0,本科,民办,,1104,无专业数据,2026/6/15
1194,武昌理工学院,湖北省教育厅,湖北,武汉,,,,0,本科,民办,,1157,无专业数据,2026/6/15
1195,武汉生物工程学院,湖北省教育厅,湖北,武汉,,,,0,本科,民办,,1975,无专业数据,2026/6/15
1196,武汉晴川学院,湖北省教育厅,湖北,武汉,,,,0,本科,民办,,1974,无专业数据,2026/6/15
1197,湖北大学知行学院,湖北省教育厅,湖北,武汉,,,,综合,本科,民办,,1963,无专业数据,2026/6/15
1198,武汉城市学院,湖北省教育厅,湖北,武汉,,,,0,本科,民办,,1176,无专业数据,2026/6/15
1199,三峡大学科技学院,湖北省教育厅,湖北,宜昌,,,,综合,本科,民办,,1124,无专业数据,2026/6/15
1200,武汉文理学院,湖北省教育厅,湖北,武汉,,,,0,本科,民办,,2459,年份=年份,2026/6/15
1201,湖北工业大学工程技术学院,湖北省教育厅,湖北,武汉,,,,理工,本科,民办,,1965,无专业数据,2026/6/15
1202,武汉工程大学邮电与信息工程学院,湖北省教育厅,湖北,武汉,,,,理工,本科,民办,,1968,科类=历史类,2026/6/15
1203,武汉纺织大学外经贸学院,湖北省教育厅,湖北,武汉,,,,综合,本科,民办,,1316,无专业数据,2026/6/15
1204,武昌工学院,湖北省教育厅,湖北,武汉,,,,0,本科,民办,,1967,无专业数据,2026/6/15
1205,武汉工商学院,湖北省教育厅,湖北,武汉,,,,0,本科,民办,,1964,无专业数据,2026/6/15
1206,荆州学院,湖北省教育厅,湖北,荆州,,,,0,本科,民办,,1973,年份=年份,2026/6/15
1207,长江大学文理学院,湖北省教育厅,湖北,荆州,,,,综合,本科,民办,,1972,无专业数据,2026/6/15
1208,湖北商贸学院,湖北省教育厅,湖北,武汉,,,,0,本科,民办,,1966,无专业数据,2026/6/15
1209,湖北汽车工业学院科技学院,湖北省教育厅,湖北,十堰,,,,0,本科,民办,,1969,年份=2022,2026/6/15
1210,湖北医药学院药护学院,湖北省教育厅,湖北,十堰,,,,医药,本科,民办,,1158,无专业数据,2026/6/15
1211,湖北恩施学院,湖北省教育厅,湖北,恩施,,,,0,本科,民办,,2461,无专业数据,2026/6/15
1212,湖北经济学院法商学院,湖北省教育厅,湖北,武汉,,,,财经,本科,民办,,1052,无专业数据,2026/6/15
1213,武汉体育学院体育科技学院,湖北省教育厅,湖北,武汉,,,,体育,本科,民办,,1281,无专业数据,2026/6/15
1214,湖北师范大学文理学院,湖北省教育厅,湖北,黄石,,,,师范,本科,民办,,1970,无专业数据,2026/6/15
1215,湖北文理学院理工学院,湖北省教育厅,湖北,襄阳,,,,理工,本科,民办,,1971,无专业数据,2026/6/15
1216,湖北工程学院新技术学院,湖北省教育厅,湖北,孝感,,,,综合,本科,民办,,2460,年份=年份,2026/6/15
1217,文华学院,湖北省教育厅,湖北,武汉,,,,0,本科,民办,,1077,无专业数据,2026/6/15
1218,武汉学院,湖北省教育厅,湖北,武汉,,,,0,本科,民办,,1169,无专业数据,2026/6/15
1219,武汉工程科技学院,湖北省教育厅,湖北,武汉,,,,0,本科,民办,,1144,年份=2021,2026/6/15
1220,武汉华夏理工学院,湖北省教育厅,湖北,武汉,,,,0,本科,民办,,1099,无专业数据,2026/6/15
1221,武汉传媒学院,湖北省教育厅,湖北,武汉,,,,0,本科,民办,,2462,无专业数据,2026/6/15
1222,武汉设计工程学院,湖北省教育厅,湖北,武汉,,,,0,本科,民办,,1557,年份=年份,2026/6/15
1223,长沙医学院,湖南省教育厅,湖南,长沙,,,,0,本科,民办,,1243,无专业数据,2026/6/15
1224,湖南涉外经济学院,湖南省教育厅,湖南,长沙,,,,0,本科,民办,,1188,无专业数据,2026/6/15
1225,湘潭大学兴湘学院,湖南省教育厅,湖南,湘潭,,,,综合,本科,民办,,2472,年份=2023,2026/6/15
1226,湖南工业大学科技学院,湖南省教育厅,湖南,株洲,,,,综合,本科,民办,,2471,年份=2024,2026/6/15
1227,湖南科技大学潇湘学院,湖南省教育厅,湖南,湘潭,,,,综合,本科,民办,,2470,无专业数据,2026/6/15
1228,南华大学船山学院,湖南省教育厅,湖南,衡阳,,,,综合,本科,民办,,2473,无专业数据,2026/6/15
1229,湘潭理工学院,湖南省教育厅,湖南,湘潭,,,,0,本科,民办,,2467,无专业数据,2026/6/15
1230,湖南农业大学东方科技学院,湖南省教育厅,湖南,长沙,,,,综合,本科,民办,,2468,无专业数据,2026/6/15
1231,中南林业科技大学涉外学院,湖南省教育厅,湖南,长沙,,,,综合,本科,民办,,1133,无专业数据,2026/6/15
1232,常德学院,湖南省教育厅,湖南,常德,,,,,本科,民办,,2474,无专业数据,2026/6/15
1233,岳阳学院,湖南省教育厅,湖南,岳阳,,,,,本科,民办,,2475,无专业数据,2026/6/15
1234,衡阳师范学院南岳学院,湖南省教育厅,湖南,衡阳,,,,综合,本科,民办,,2479,无专业数据,2026/6/15
1235,湖南工程学院应用技术学院,湖南省教育厅,湖南,湘潭,,,,理工,本科,民办,,2477,无专业数据,2026/6/15
1236,湖南中医药大学湘杏学院,湖南省教育厅,湖南,长沙,,,,医药,本科,民办,,2478,无专业数据,2026/6/15
1237,张家界学院,湖南省教育厅,湖南,张家界,,,,0,本科,民办,,2476,无专业数据,2026/6/15
1238,长沙理工大学城南学院,湖南省教育厅,湖南,长沙,,,,0,本科,民办,,2469,年份=2024,2026/6/15
1239,湖南应用技术学院,湖南省教育厅,湖南,常德,,,,0,本科,民办,,2039,无专业数据,2026/6/15
1240,湖南信息学院,湖南省教育厅,湖南,长沙,,,,0,本科,民办,,2038,年份=2024,2026/6/15
1241,湖南交通工程学院,湖南省教育厅,湖南,衡阳,,,,0,本科,民办,,2040,无专业数据,2026/6/15
1242,湖南软件职业技术大学,湖南省教育厅,湖南,湘潭,,,,0,本科,民办,,2042,无专业数据,2026/6/15
1243,广东白云学院,广东省教育厅,广东,广州,,,,0,本科,民办,,966,无专业数据,2026/6/15
1244,电子科技大学中山学院,广东省教育厅,广东,中山,,,,0,本科,民办,,2482,无专业数据,2026/6/15
1245,广东培正学院,广东省教育厅,广东,广州,,,,0,本科,民办,,965,无专业数据,2026/6/15
1246,广东东软学院,广东省教育厅,广东,佛山,,,,0,本科,民办,,643,无专业数据,2026/6/15
1247,广州城市理工学院,广东省教育厅,广东,广州,,,,0,本科,民办,,2059,无专业数据,2026/6/15
1248,广州软件学院,广东省教育厅,广东,广州,,,,0,本科,民办,,1308,无专业数据,2026/6/15
1249,广州南方学院,广东省教育厅,广东,广州,,,,0,本科,民办,,1096,无专业数据,2026/6/15
1250,广东外语外贸大学南国商学院,广东省教育厅,广东,广州,,,,综合,本科,民办,,2061,无专业数据,2026/6/15
1251,广州华商学院,广东省教育厅,广东,广州,,,,0,本科,民办,,2060,无专业数据,2026/6/15
1252,湛江科技学院,广东省教育厅,广东,湛江,,,,0,本科,民办,,2484,无专业数据,2026/6/15
1253,华南农业大学珠江学院,广东省教育厅,广东,广州,,,,综合,本科,民办,,2057,无专业数据,2026/6/15
1254,广州理工学院,广东省教育厅,广东,广州,,,,0,本科,民办,,2058,无专业数据,2026/6/15
1255,广州华立学院,广东省教育厅,广东,广州,,,,0,本科,民办,,2056,无专业数据,2026/6/15
1256,广州应用科技学院,广东省教育厅,广东,广州,,,,0,本科,民办,,1297,无专业数据,2026/6/15
1257,广州商学院,广东省教育厅,广东,广州,,,,0,本科,民办,,2055,无专业数据,2026/6/15
1258,北京理工大学珠海学院,广东省教育厅,广东,珠海,,,,0,本科,民办,,1298,年份=2023,2026/6/15
1259,珠海科技学院,广东省教育厅,广东,珠海,,,,0,本科,民办,,1455,无专业数据,2026/6/15
1260,广州工商学院,广东省教育厅,广东,广州,,,,0,本科,民办,,633,无专业数据,2026/6/15
1261,广州科技职业技术大学,广东省教育厅,广东,广州,,,,0,本科,民办,,1000,无专业数据,2026/6/15
1262,广东科技学院,广东省教育厅,广东,东莞,,,,0,本科,民办,,2835,无专业数据,2026/6/15
1263,广东理工学院,广东省教育厅,广东,肇庆,,,,0,本科,民办,,977,无专业数据,2026/6/15
1264,广东工商职业技术大学,广东省教育厅,广东,肇庆,,,,0,本科,民办,,976,无专业数据,2026/6/15
1265,东莞城市学院,广东省教育厅,广东,东莞,,,,0,本科,民办,,2483,无专业数据,2026/6/15
1266,广州新华学院,广东省教育厅,广东,广州,,,,0,本科,民办,,1285,无专业数据,2026/6/15
1267,南宁学院,广西壮族自治区教育厅,广西,南宁,,,,0,本科,民办,,1762,无专业数据,2026/6/15
1268,北海艺术设计学院,广西壮族自治区教育厅,广西,北海,,,,0,本科,民办,,1758,无专业数据,2026/6/15
1269,柳州工学院,广西壮族自治区教育厅,广西,柳州,,,,0,本科,民办,,2368,无专业数据,2026/6/15
1270,广西民族大学相思湖学院,广西壮族自治区教育厅,广西,南宁,,,,综合,本科,民办,,2370,无专业数据,2026/6/15
1271,桂林学院,广西壮族自治区教育厅,广西,桂林,,,,0,本科,民办,,2366,无专业数据,2026/6/15
1272,南宁师范大学师园学院,广西壮族自治区教育厅,广西,南宁,,,,综合,本科,民办,,2369,无专业数据,2026/6/15
1273,广西中医药大学赛恩斯新医药学院,广西壮族自治区教育厅,广西,南宁,,,,医药,本科,民办,,2372,无专业数据,2026/6/15
1274,桂林信息科技学院,广西壮族自治区教育厅,广西,桂林,,,,0,本科,民办,,2367,无专业数据,2026/6/15
1275,南宁理工学院,广西壮族自治区教育厅,广西,桂林,,,,0,本科,民办,,2628,无专业数据,2026/6/15
1276,广西外国语学院,广西壮族自治区教育厅,广西,南宁,,,,0,本科,民办,,2834,无专业数据,2026/6/15
1278,广西城市职业大学,广西壮族自治区教育厅,广西,崇左,,,,0,本科,民办,,1756,无专业数据,2026/6/15
1279,海口经济学院,海南省教育厅,海南,海口,,,,0,本科,民办,,1391,无专业数据,2026/6/15
1280,三亚学院,海南省教育厅,海南,三亚,,,,0,本科,民办,,1329,无专业数据,2026/6/15
1281,海南科技职业大学,海南省教育厅,海南,海口,,,,0,本科,民办,,1432,无专业数据,2026/6/15
1282,重庆机电职业技术大学,重庆市教委,重庆,重庆,,,,0,本科,民办,,1485,无专业数据,2026/6/15
1283,重庆工程学院,重庆市教委,重庆,重庆,,,,0,本科,民办,,1499,无专业数据,2026/6/15
1284,重庆城市科技学院,重庆市教委,重庆,重庆,,,,0,本科,民办,,1474,年份=年份,2026/6/15
1285,重庆人文科技学院,重庆市教委,重庆,重庆,,,,0,本科,民办,,1232,年份=年份,2026/6/15
1286,重庆外语外事学院,重庆市教委,重庆,重庆,,,,0,本科,民办,,1473,无专业数据,2026/6/15
1287,重庆对外经贸学院,重庆市教委,重庆,重庆,,,,0,本科,民办,,1472,无专业数据,2026/6/15
1288,重庆财经学院,重庆市教委,重庆,重庆,,,,0,本科,民办,,1475,无专业数据,2026/6/15
1289,重庆工商大学派斯学院,重庆市教委,重庆,重庆,,,,财经,本科,民办,,1477,年份=年份,2026/6/15
1290,重庆移通学院,重庆市教委,重庆,重庆,,,,0,本科,民办,,1476,无专业数据,2026/6/15
1291,成都东软学院,四川省教育厅,四川,成都,,,,0,本科,民办,,770,无专业数据,2026/6/15
1292,成都艺术职业大学,四川省教育厅,四川,成都,,,,0,本科,民办,,773,年份=2024,2026/6/15
1293,电子科技大学成都学院,四川省教育厅,四川,成都,,,,综合,本科,民办,,1131,无专业数据,2026/6/15
1294,成都理工大学工程技术学院,四川省教育厅,四川,乐山,,,,理工,本科,民办,,2493,无专业数据,2026/6/15
1295,四川传媒学院,四川省教育厅,四川,成都,,,,0,本科,民办,,2494,无专业数据,2026/6/15
1296,成都银杏酒店管理学院,四川省教育厅,四川,成都,,,,0,本科,民办,,2495,无专业数据,2026/6/15
1297,成都文理学院,四川省教育厅,四川,成都,,,,0,本科,民办,,2496,年份=年份,2026/6/15
1298,四川工商学院,四川省教育厅,四川,成都,,,,0,本科,民办,,1395,年份=2021,2026/6/15
1299,成都外国语学院,四川省教育厅,四川,成都,,,,0,本科,民办,,2497,无专业数据,2026/6/15
1300,四川工业科技学院,四川省教育厅,四川,德阳,,,,0,本科,民办,,801,无专业数据,2026/6/15
1301,成都锦城学院,四川省教育厅,四川,成都,,,,0,本科,民办,,2498,,2026/6/15
1302,西南财经大学天府学院,四川省教育厅,四川,绵阳,,,,综合,本科,民办,,2502,,2026/6/15
1303,四川大学锦江学院,四川省教育厅,四川,眉山,,,,综合,本科,民办,,2501,,2026/6/15
1304,四川文化艺术学院,四川省教育厅,四川,绵阳,,,,0,本科,民办,,2500,,2026/6/15
1305,绵阳城市学院,四川省教育厅,四川,绵阳,,,,0,本科,民办,,2499,年份=年份,2026/6/15
1306,西南交通大学希望学院,四川省教育厅,四川,南充,,,,理工,本科,民办,,2503,,2026/6/15
1307,四川电影电视学院,四川省教育厅,四川,成都,,,,0,本科,民办,,2917,,2026/6/15
1308,吉利学院,四川省教育厅,四川,成都,,,,0,本科,民办,,822,,2026/6/15
1309,贵州中医药大学时珍学院,贵州省教育厅,贵州,贵阳,,,,医药,本科,民办,,2572,,2026/6/15
1310,贵州黔南经济学院,贵州省教育厅,贵州,黔南,,,,0,本科,民办,,2573,年份=年份,2026/6/15
1311,贵州黔南科技学院,贵州省教育厅,贵州,黔南,,,,0,本科,民办,,2275,,2026/6/15
1312,贵阳信息科技学院,贵州省教育厅,贵州,贵阳,,,,0,本科,民办,,2276,,2026/6/15
1313,贵阳人文科技学院,贵州省教育厅,贵州,贵阳,,,,0,本科,民办,,2574,,2026/6/15
1314,遵义医科大学医学与科技学院,贵州省教育厅,贵州,遵义,,,,医药,本科,民办,,2571,,2026/6/15
1315,贵州医科大学神奇民族医药学院,贵州省教育厅,贵州,贵阳,,,,医药,本科,民办,,2575,年份=年份,2026/6/15
1316,茅台学院,贵州省教育厅,贵州,遵义,,,,0,本科,民办,,3287,,2026/6/15
1317,贵州工商职业大学,,贵州,贵阳,,,,,本科,民办,,3117,,2026/6/15
1318,云南经济管理学院,云南省教育厅,云南,昆明,,,,0,本科,民办,,2184,,2026/6/15
1319,滇池学院,云南省教育厅,云南,昆明,,,,0,本科,民办,,2523,,2026/6/15
1320,丽江文化旅游学院,云南省教育厅,云南,丽江,,,,0,本科,民办,,2524,,2026/6/15
1321,昆明理工大学津桥学院,云南省教育厅,云南,昆明,,,,理工,本科,民办,,2526,,2026/6/15
1322,昆明城市学院,云南省教育厅,云南,昆明,,,,0,本科,民办,,1280,,2026/6/15
1323,昆明文理学院,云南省教育厅,云南,昆明,,,,0,本科,民办,,2181,,2026/6/15
1324,昆明医科大学海源学院,云南省教育厅,云南,昆明,,,,医药,本科,民办,,1277,,2026/6/15
1325,昆明传媒学院,云南省教育厅,云南,昆明,,,,0,本科,民办,,2525,,2026/6/15
1326,云南工商学院,云南省教育厅,云南,昆明,,,,0,本科,民办,,2185,,2026/6/15
1327,昆明科技职业大学,,云南,昆明,,,,,本科,民办,,2528,,2026/6/15
1328,西安培华学院,陕西省教育厅,陕西,西安,,,,0,本科,民办,,383,,2026/6/15
1329,西安欧亚学院,陕西省教育厅,陕西,西安,,,,0,本科,民办,,2256,,2026/6/15
1330,西安外事学院,陕西省教育厅,陕西,西安,,,,0,本科,民办,,862,,2026/6/15
1331,西安翻译学院,陕西省教育厅,陕西,西安,,,,0,本科,民办,,1184,,2026/6/15
1332,西京学院,陕西省教育厅,陕西,西安,,,,0,本科,民办,,1185,,2026/6/15
1333,西安思源学院,陕西省教育厅,陕西,西安,,,,0,本科,民办,,863,,2026/6/15
1334,陕西国际商贸学院,陕西省教育厅,陕西,咸阳,,,,0,本科,民办,,2255,年份=年份,2026/6/15
1335,陕西服装工程学院,陕西省教育厅,陕西,咸阳,,,,0,本科,民办,,2846,年份=年份,2026/6/15
1336,西安交通工程学院,陕西省教育厅,陕西,西安,,,,0,本科,民办,,2260,,2026/6/15
1337,西安交通大学城市学院,陕西省教育厅,陕西,西安,,,,综合,本科,民办,,2560,,2026/6/15
1338,西北大学现代学院,陕西省教育厅,陕西,西安,,,,综合,本科,民办,,2252,,2026/6/15
1339,西安建筑科技大学华清学院,陕西省教育厅,陕西,西安,,,,理工,本科,民办,,2253,,2026/6/15
1340,西安财经大学行知学院,陕西省教育厅,陕西,西安,,,,财经,本科,民办,,1415,年份=年份,2026/6/15
1341,陕西科技大学镐京学院,陕西省教育厅,陕西,咸阳,,,,综合,本科,民办,,2254,年份=年份,2026/6/15
1342,西安工商学院,陕西省教育厅,陕西,西安,,,,0,本科,民办,,2561,,2026/6/15
1343,延安大学西安创新学院,陕西省教育厅,陕西,西安,,,,综合,本科,民办,,1558,年份=年份,2026/6/15
1345,西安汽车职业大学,陕西省教育厅,陕西,西安,,,,0,本科,民办,,2257,,2026/6/15
1346,西安明德理工学院,陕西省教育厅,陕西,西安,,,,0,本科,民办,,2562,,2026/6/15
1347,西安信息职业大学,陕西省教育厅,陕西,西安,,,,0,本科,民办,,2259,,2026/6/15
1348,长安大学兴华学院,陕西省教育厅,陕西,西安,,,,0,本科,民办,,2632,省份=,2026/6/15
1349,西安理工大学高科学院,陕西省教育厅,陕西,西安,,,,理工,本科,民办,,2564,年份=年份,2026/6/15
1350,西安科技大学高新学院,陕西省教育厅,陕西,西安,,,,理工,本科,民办,,2563,,2026/6/15
1351,兰州工商学院,甘肃省教育厅,甘肃,兰州,,,,0,本科,民办,,2360,,2026/6/15
1352,兰州博文科技学院,甘肃省教育厅,甘肃,兰州,,,,0,本科,民办,,1559,,2026/6/15
1353,兰州信息科技学院,甘肃省教育厅,甘肃,兰州,,,,0,本科,民办,,2361,年份=年份,2026/6/15
1354,青海大学昆仑学院,青海省教育厅,青海,西宁,,,,综合,本科,民办,,1555,年份=年份,2026/6/15
1355,宁夏理工学院,宁夏回族自治区教育厅,宁夏,石嘴山,,,,0,本科,民办,,2288,,2026/6/15
1356,宁夏大学新华学院,宁夏回族自治区教育厅,宁夏,银川,,,,综合,本科,民办,,2576,年份=年份,2026/6/15
1357,银川能源学院,宁夏回族自治区教育厅,宁夏,银川,,,,0,本科,民办,,2289,年份=年份,2026/6/15
1358,银川科技学院,宁夏回族自治区教育厅,宁夏,银川,,,,0,本科,民办,,2615,年份=年份,2026/6/15
1360,新疆天山职业技术大学,新疆维吾尔自治区教育厅,新疆,乌鲁木齐,,,,0,本科,民办,,2079,,2026/6/15
1361,郑州美术学院,河南省教育厅,河南,郑州,,,,0,本科,民办,,3663,,2026/6/15
1362,福建福耀科技大学,福建省教育厅,福建,福州,,,,,本科,民办,,3746,年份=年份,2026/6/15
1363,湖北三峡航空学院,湖北省教育厅,湖北,宜昌,,,,,本科,民办,,3752,年份=年份,2026/6/15
1364,长沙科技学院,湖南省教育厅,湖南,长沙,,,,,本科,民办,,3754,省份=,2026/6/15
1365,塔里木理工学院,新疆生产建设兵团教育局,新疆,阿拉尔,,,,,本科,民办,,3814,年份=年份,2026/6/15
1366,宁波东方理工大学,浙江省教育厅,浙江,宁波,,,,,本科,民办,,3811,年份=年份,2026/6/15
1367,北师香港浸会大学,,广东,珠海,,,,,本科,内地与港澳合作办学,,1275,,2026/6/15
1368,香港中文大学（深圳）,广东省教育厅,广东,深圳,,,,0,本科,内地与港澳合作办学,,3202,,2026/6/15
1369,香港科技大学（广州）,广东省教育厅,广东,广州,,,,0,本科,内地与港澳合作办学,,3674,,2026/6/15
1370,香港城市大学（东莞）,广东省教育厅,广东,东莞,,,,0,本科,内地与港澳合作办学,,3687,,2026/6/15
1371,上海纽约大学,上海市教委,上海,上海,,,,0,本科,中外合作办学,,3039,,2026/6/15
1372,西交利物浦大学,江苏省教育厅,江苏,苏州,,,,0,本科,中外合作办学,,1343,,2026/6/15
1373,昆山杜克大学,江苏省教育厅,江苏,昆山,,,,0,本科,中外合作办学,,3341,,2026/6/15
1374,宁波诺丁汉大学,浙江省教育厅,浙江,宁波,,,,0,本科,中外合作办学,,1216,,2026/6/15
1375,温州肯恩大学,浙江省教育厅,浙江,温州,,,,0,本科,中外合作办学,,3188,,2026/6/15
1376,深圳北理莫斯科大学,广东省教育厅,广东,深圳,,,,0,本科,中外合作办学,,3251,,2026/6/15
1377,广东以色列理工学院,广东省教育厅,广东,汕头,,,,0,本科,中外合作办学,,3241,,2026/6/15
1378,海南比勒费尔德应用科学大学,海南省教育厅,海南,陵水,,,,0,本科,境外高等教育机构在海南自由贸易港设立的实施理工农医类学科专业教育的学校,,3645,,2026/6/15
1379,海南洛桑旅游大学,海南省,海南,三亚,,,,,本科,境外高等教育机构在海南自由贸易港设立的实施理工农医类学科专业教育的学校,,3820,省份=,2026/6/15
1380,北京工业职业技术学院,北京市,北京,北京,,,,理工,专科,公办,,885,年份=年份,2026/6/15
1381,北京信息职业技术学院,北京市,北京,北京,,,,理工,专科,公办,,882,年份=年份,2026/6/15
1382,北京京北职业技术学院,北京市,北京,北京,,,,理工,专科,公办,,907,年份=年份,2026/6/15
1383,北京交通职业技术学院,北京市,北京,北京,,,,理工,专科,公办,,910,年份=年份,2026/6/15
1384,北京青年政治学院,北京市,北京,北京,,,,综合,专科,公办,,881,年份=年份,2026/6/15
1385,北京农业职业学院,北京市,北京,北京,,,,农林,专科,公办,,918,年份=年份,2026/6/15
1386,北京政法职业学院,北京市,北京,北京,,,,政法,专科,公办,,897,年份=年份,2026/6/15
1387,北京财贸职业学院,北京市,北京,北京,,,,财经,专科,公办,,899,年份=年份,2026/6/15
1388,北京戏曲艺术职业学院,北京市,北京,北京,,,,艺术,专科,公办,,911,年份=年份,2026/6/15
1389,北京经济管理职业学院,北京市,北京,北京,,,,财经,专科,公办,,2700,年份=年份,2026/6/15
1390,北京劳动保障职业学院,北京市,北京,北京,,,,管理,专科,公办,,1378,年份=年份,2026/6/15
1391,北京体育职业学院,北京市,北京,北京,,,,体育,专科,公办,,2629,年份=年份,2026/6/15
1392,北京交通运输职业学院,北京市,北京,北京,,,,综合,专科,公办,,2637,年份=年份,2026/6/15
1393,北京卫生职业学院,北京市,北京,北京,,,,医药,专科,公办,,2965,年份=年份,2026/6/15
1394,天津滨海职业学院,天津市,天津,天津,,,,综合,专科,公办,,837,,2026/6/15
1396,天津渤海职业技术学院,天津市,天津,天津,,,,综合,专科,公办,,838,年份=年份,2026/6/15
1397,天津电子信息职业技术学院,天津市,天津,天津,,,,理工,专科,公办,,836,,2026/6/15
1398,天津机电职业技术学院,天津市,天津,天津,,,,理工,专科,公办,,841,年份=年份,2026/6/15
1399,天津现代职业技术学院,天津市,天津,天津,,,,综合,专科,公办,,845,,2026/6/15
1400,天津轻工职业技术学院,天津市,天津,天津,,,,理工,专科,公办,,839,,2026/6/15
1401,天津商务职业学院,天津市,天津,天津,,,,财经,专科,公办,,855,,2026/6/15
1402,天津国土资源和房屋职业学院,天津市,天津,天津,,,,综合,专科,公办,,854,,2026/6/15
1403,天津医学高等专科学校,天津市,天津,天津,,,,医药,专科,公办,,835,年份=年份,2026/6/15
1404,天津开发区职业技术学院,天津市,天津,天津,,,,0,专科,公办,,850,省份=,2026/6/15
1405,天津艺术职业学院,天津市,天津,天津,,,,艺术,专科,公办,,857,年份=年份,2026/6/15
1406,天津交通职业学院,天津市,天津,天津,,,,理工,专科,公办,,847,,2026/6/15
1407,天津工业职业学院,天津市,天津,天津,,,,理工,专科,公办,,848,年份=年份,2026/6/15
1408,天津石油职业技术学院,天津市,天津,天津,,,,理工,专科,公办,,852,年份=年份,2026/6/15
1409,天津城市职业学院,天津市,天津,天津,,,,综合,专科,公办,,851,,2026/6/15
1410,天津铁道职业技术学院,天津市,天津,天津,,,,理工,专科,公办,,859,,2026/6/15
1411,天津工艺美术职业学院,天津市,天津,天津,,,,艺术,专科,公办,,849,年份=年份,2026/6/15
1412,天津城市建设管理职业技术学院,天津市,天津,天津,,,,综合,专科,公办,,1600,,2026/6/15
1413,天津生物工程职业技术学院,天津市,天津,天津,,,,0,专科,公办,,1195,,2026/6/15
1414,天津海运职业学院,天津市,天津,天津,,,,综合,专科,公办,,1327,年份=年份,2026/6/15
1415,天津广播影视职业学院,天津市,天津,天津,,,,0,专科,公办,,1560,省份=,2026/6/15
1416,天津体育职业学院,天津市,天津,天津,,,,体育,专科,公办,,3330,年份=年份,2026/6/15
1417,邯郸职业技术学院,河北省,河北,邯郸,,,,理工,专科,公办,,704,,2026/6/15
1418,石家庄职业技术学院,河北省,河北,石家庄,,,,综合,专科,公办,,701,,2026/6/15
1419,张家口职业技术学院,河北省,河北,张家口,,,,综合,专科,公办,,696,,2026/6/15
1420,河北软件职业技术学院,河北省,河北,保定,,,,理工,专科,公办,,717,,2026/6/15
1422,河北建材职业技术学院,河北省,河北,秦皇岛,,,,理工,专科,公办,,756,,2026/6/15
1423,河北政法职业学院,河北省,河北,石家庄,,,,政法,专科,公办,,757,年份=年份,2026/6/15
1424,沧州职业技术学院,河北省,河北,沧州,,,,综合,专科,公办,,700,年份=年份,2026/6/15
1425,河北能源职业技术学院,河北省,河北,唐山,,,,理工,专科,公办,,695,,2026/6/15
1426,石家庄铁路职业技术学院,河北省,河北,石家庄,,,,理工,专科,公办,,702,,2026/6/15
1427,保定职业技术学院,河北省,河北,保定,,,,综合,专科,公办,,703,年份=年份,2026/6/15
1428,秦皇岛职业技术学院,河北省,河北,秦皇岛,,,,理工,专科,公办,,718,,2026/6/15
1429,唐山职业技术学院,河北省,河北,唐山,,,,综合,专科,公办,,727,,2026/6/15
1430,衡水职业技术学院,河北省,河北,衡水,,,,综合,专科,公办,,722,年份=年份,2026/6/15
1431,河北艺术职业学院,河北省,河北,石家庄,,,,艺术,专科,公办,,724,年份=年份,2026/6/15
1432,河北旅游职业学院,河北省,河北,承德,,,,综合,专科,公办,,726,,2026/6/15
1433,河北交通职业技术学院,河北省,河北,石家庄,,,,理工,专科,公办,,729,,2026/6/15
1434,河北化工医药职业技术学院,河北省,河北,石家庄,,,,医药,专科,公办,,693,,2026/6/15
1435,石家庄信息工程职业学院,河北省,河北,石家庄,,,,理工,专科,公办,,753,,2026/6/15
1436,河北对外经贸职业学院,河北省,河北,秦皇岛,,,,语言,专科,公办,,2305,,2026/6/15
1437,保定电力职业技术学院,河北省,河北,保定,,,,理工,专科,公办,,660,年份=年份,2026/6/15
1438,河北机电职业技术学院,河北省,河北,邢台,,,,理工,专科,公办,,731,年份=年份,2026/6/15
1440,廊坊职业技术学院,河北省,河北,廊坊,,,,综合,专科,公办,,730,年份=年份,2026/6/15
1441,唐山科技职业技术学院,河北省,河北,唐山,,,,理工,专科,公办,,744,年份=年份,2026/6/15
1442,石家庄邮电职业技术学院,河北省,河北,石家庄,,,,理工,专科,公办,,746,,2026/6/15
1443,河北公安警察职业学院,河北省,河北,石家庄,,,,政法,专科,公办,,747,年份=年份,2026/6/15
1444,河北司法警官职业学院,河北省,河北,邯郸,,,,政法,专科,公办,,725,,2026/6/15
1445,沧州医学高等专科学校,河北省,河北,沧州,,,,医药,专科,公办,,652,年份=年份,2026/6/15
1446,河北女子职业技术学院,河北省,河北,石家庄,,,,语言,专科,公办,,658,,2026/6/15
1447,冀中职业学院,河北省,河北,保定,,,,综合,专科,公办,,1602,,2026/6/15
1448,河北正定师范高等专科学校,河北省,河北,石家庄,,,,综合,专科,公办,,2306,年份=年份,2026/6/15
1449,河北劳动关系职业学院,河北省,河北,石家庄,,,,0,专科,公办,,1603,年份=年份,2026/6/15
1450,沧州幼儿师范高等专科学校,河北省,河北,沧州,,,,师范,专科,公办,,2307,年份=年份,2026/6/15
1451,宣化科技职业学院,河北省,河北,张家口,,,,综合,专科,公办,,2308,年份=年份,2026/6/15
1452,廊坊燕京职业技术学院,河北省,河北,廊坊,,,,0,专科,公办,,2643,,2026/6/15
1453,承德护理职业学院,河北省,河北,承德,,,,医药,专科,公办,,2642,年份=年份,2026/6/15
1454,石家庄幼儿师范高等专科学校,河北省,河北,石家庄,,,,师范,专科,公办,,2857,,2026/6/15
1455,廊坊卫生职业学院,河北省,河北,廊坊,,,,0,专科,公办,,2854,,2026/6/15
1456,河北轨道运输职业技术学院,河北省,河北,石家庄,,,,理工,专科,公办,,2858,,2026/6/15
1457,保定幼儿师范高等专科学校,河北省,河北,保定,,,,0,专科,公办,,3126,年份=年份,2026/6/15
1458,河北工艺美术职业学院,河北省,河北,保定,,,,0,专科,公办,,3129,,2026/6/15
1459,唐山幼儿师范高等专科学校,河北省,河北,唐山,,,,0,专科,公办,,3334,,2026/6/15
1460,承德应用技术职业学院,河北省,河北,承德,,,,0,专科,公办,,3419,,2026/6/15
1461,邯郸幼儿师范高等专科学校,河北省,河北,邯郸,,,,0,专科,公办,,3487,年份=年份,2026/6/15
1462,邯郸科技职业学院,河北省,河北,邯郸,,,,0,专科,公办,,3495,年份=年份,2026/6/15
1463,山西省财政税务专科学校,山西省,山西,太原,,,,财经,专科,公办,,1639,年份=年份,2026/6/15
1464,长治职业技术学院,山西省,山西,长治,,,,理工,专科,公办,,1643,年份=年份,2026/6/15
1465,晋城职业技术学院,山西省,山西,晋城,,,,综合,专科,公办,,1428,年份=年份,2026/6/15
1466,山西药科职业学院,山西省,山西,太原,,,,医药,专科,公办,,1201,年份=年份,2026/6/15
1467,大同煤炭职业技术学院,山西省,山西,大同,,,,理工,专科,公办,,2646,年份=年份,2026/6/15
1468,山西机电职业技术学院,山西省,山西,长治,,,,理工,专科,公办,,1647,年份=年份,2026/6/15
1469,山西财贸职业技术学院,山西省,山西,太原,,,,财经,专科,公办,,1648,年份=年份,2026/6/15
1470,山西林业职业技术学院,山西省,山西,太原,,,,农林,专科,公办,,1548,年份=年份,2026/6/15
1471,山西水利职业技术学院,山西省,山西,运城,,,,理工,专科,公办,,1649,年份=年份,2026/6/15
1472,阳泉职业技术学院,山西省,山西,阳泉,,,,综合,专科,公办,,3278,年份=年份,2026/6/15
1473,临汾职业技术学院,山西省,山西,临汾,,,,综合,专科,公办,,1651,,2026/6/15
1474,山西职业技术学院,山西省,山西,太原,,,,理工,专科,公办,,1420,年份=年份,2026/6/15
1475,山西金融职业学院,山西省,山西,太原,,,,财经,专科,公办,,1444,年份=年份,2026/6/15
1476,太原城市职业技术学院,山西省,山西,太原,,,,综合,专科,公办,,1653,年份=年份,2026/6/15
1477,山西体育职业学院,山西省,山西,太原,,,,体育,专科,公办,,1654,年份=年份,2026/6/15
1478,山西警官职业学院,山西省,山西,太原,,,,政法,专科,公办,,1655,年份=年份,2026/6/15
1479,山西国际商务职业学院,山西省,山西,太原,,,,0,专科,公办,,1656,年份=年份,2026/6/15
1480,潞安职业技术学院,山西省,山西,长治,,,,0,专科,公办,,1657,年份=年份,2026/6/15
1481,山西管理职业学院,山西省,山西,临汾,,,,0,专科,公办,,1660,年份=年份,2026/6/15
1482,山西电力职业技术学院,山西省,山西,太原,,,,理工,专科,公办,,1661,年份=年份,2026/6/15
1483,忻州职业技术学院,山西省,山西,忻州,,,,综合,专科,公办,,1662,年份=年份,2026/6/15
1484,晋中职业技术学院,山西省,山西,晋中,,,,综合,专科,公办,,1663,年份=年份,2026/6/15
1485,山西运城农业职业技术学院,山西省,山西,运城,,,,0,专科,公办,,1664,年份=年份,2026/6/15
1486,运城幼儿师范高等专科学校,山西省,山西,运城,,,,师范,专科,公办,,1641,年份=年份,2026/6/15
1487,山西经贸职业学院,山西省,山西,太原,,,,财经,专科,公办,,2322,年份=年份,2026/6/15
1488,朔州职业技术学院,山西省,山西,朔州,,,,0,专科,公办,,2323,年份=年份,2026/6/15
1489,山西铁道职业技术学院,山西省,山西,太原,,,,理工,专科,公办,,2324,年份=年份,2026/6/15
1490,晋中师范高等专科学校,山西省,山西,晋中,,,,师范,专科,公办,,2647,年份=年份,2026/6/15
1491,阳泉师范高等专科学校,山西省,山西,阳泉,,,,0,专科,公办,,2644,年份=年份,2026/6/15
1492,运城护理职业学院,山西省,山西,运城,,,,医药,专科,公办,,2864,年份=年份,2026/6/15
1493,运城师范高等专科学校,山西省,山西,运城,,,,师范,专科,公办,,3276,年份=年份,2026/6/15
1494,朔州师范高等专科学校,山西省,山西,朔州,,,,师范,专科,公办,,3277,年份=年份,2026/6/15
1495,吕梁职业技术学院,山西省,山西,吕梁,,,,0,专科,公办,,3283,年份=年份,2026/6/15
1496,大同师范高等专科学校,山西省,山西,大同,,,,0,专科,公办,,3450,年份=年份,2026/6/15
1497,太原幼儿师范高等专科学校,山西省,山西,太原,,,,0,专科,公办,,3296,,2026/6/15
1498,山西工程职业学院,山西省,山西,太原,,,,理工,专科,公办,,1645,年份=年份,2026/6/15
1499,长治幼儿师范高等专科学校,山西省,山西,长治,,,,0,专科,公办,,3540,年份=年份,2026/6/15
1500,山西通用航空职业技术学院,山西省,山西,大同,,,,0,专科,公办,,3497,年份=年份,2026/6/15
1501,朔州陶瓷职业技术学院,山西省,山西,朔州,,,,0,专科,公办,,3498,年份=年份,2026/6/15
1502,山西卫生健康职业学院,山西省,山西,太原,,,,医药,专科,公办,,2865,年份=年份,2026/6/15
1503,包头职业技术学院,内蒙古自治区,内蒙古,包头,,,,理工,专科,公办,,1525,年份=年份,2026/6/15
1504,包头轻工职业技术学院,内蒙古自治区,内蒙古,包头,,,,理工,专科,公办,,1627,年份=年份,2026/6/15
1505,内蒙古电子信息职业技术学院,内蒙古自治区,内蒙古,呼和浩特,,,,理工,专科,公办,,1163,,2026/6/15
1506,内蒙古机电职业技术学院,内蒙古自治区,内蒙古,呼和浩特,,,,理工,专科,公办,,1394,年份=年份,2026/6/15
1507,内蒙古化工职业学院,内蒙古自治区,内蒙古,呼和浩特,,,,理工,专科,公办,,1132,年份=年份,2026/6/15
1508,内蒙古商贸职业学院,内蒙古自治区,内蒙古,呼和浩特,,,,综合,专科,公办,,1164,年份=年份,2026/6/15
1509,锡林郭勒职业学院,内蒙古自治区,内蒙古,锡林郭勒,,,,综合,专科,公办,,1628,年份=年份,2026/6/15
1510,内蒙古体育职业学院,内蒙古自治区,内蒙古,呼和浩特,,,,0,专科,公办,,1545,年份=年份,2026/6/15
1511,乌兰察布职业学院,内蒙古自治区,内蒙古,乌兰察布,,,,综合,专科,公办,,1524,年份=年份,2026/6/15
1512,通辽职业学院,内蒙古自治区,内蒙古,通辽,,,,综合,专科,公办,,861,年份=年份,2026/6/15
1513,科尔沁艺术职业学院,内蒙古自治区,内蒙古,通辽,,,,0,专科,公办,,1630,年份=年份,2026/6/15
1514,内蒙古交通职业技术学院,内蒙古自治区,内蒙古,赤峰,,,,理工,专科,公办,,1153,年份=年份,2026/6/15
1515,包头钢铁职业技术学院,内蒙古自治区,内蒙古,包头,,,,理工,专科,公办,,1631,年份=年份,2026/6/15
1516,乌海职业技术学院,内蒙古自治区,内蒙古,乌海,,,,理工,专科,公办,,1632,,2026/6/15
1517,包头铁道职业技术学院,内蒙古自治区,内蒙古,包头,,,,理工,专科,公办,,2318,年份=年份,2026/6/15
1518,乌兰察布医学高等专科学校,内蒙古自治区,内蒙古,乌兰察布,,,,0,专科,公办,,2317,年份=年份,2026/6/15
1519,鄂尔多斯职业学院,内蒙古自治区,内蒙古,鄂尔多斯,,,,综合,专科,公办,,2319,年份=年份,2026/6/15
1520,呼伦贝尔职业技术学院,内蒙古自治区,内蒙古,呼伦贝尔,,,,综合,专科,公办,,2649,年份=年份,2026/6/15
1521,满洲里俄语职业学院,内蒙古自治区,内蒙古,呼伦贝尔,,,,0,专科,公办,,2650,年份=年份,2026/6/15
1522,赤峰工业职业技术学院,内蒙古自治区,内蒙古,赤峰,,,,理工,专科,公办,,2938,年份=年份,2026/6/15
1523,阿拉善职业技术学院,内蒙古自治区,内蒙古,阿拉善,,,,综合,专科,公办,,2936,年份=年份,2026/6/15
1524,内蒙古民族幼儿师范高等专科学校,内蒙古自治区,内蒙古,鄂尔多斯,,,,0,专科,公办,,3221,年份=年份,2026/6/15
1525,鄂尔多斯生态环境职业学院,内蒙古自治区,内蒙古,鄂尔多斯,,,,0,专科,公办,,3223,年份=年份,2026/6/15
1526,扎兰屯职业学院,内蒙古自治区,内蒙古,呼伦贝尔,,,,0,专科,公办,,3222,年份=年份,2026/6/15
1527,赤峰应用技术职业学院,内蒙古自治区,内蒙古,赤峰,,,,0,专科,公办,,3499,年份=年份,2026/6/15
1528,抚顺师范高等专科学校,辽宁省,辽宁,抚顺,,,,师范,专科,公办,,1672,年份=年份,2026/6/15
1529,锦州师范高等专科学校,辽宁省,辽宁,锦州,,,,师范,专科,公办,,1673,年份=年份,2026/6/15
1530,营口职业技术学院,辽宁省,辽宁,营口,,,,综合,专科,公办,,1677,,2026/6/15
1531,铁岭师范高等专科学校,辽宁省,辽宁,铁岭,,,,师范,专科,公办,,1674,年份=年份,2026/6/15
1532,大连职业技术学院,辽宁省,辽宁,大连,,,,综合,专科,公办,,1678,,2026/6/15
1533,辽宁农业职业技术学院,辽宁省,辽宁,营口,,,,农林,专科,公办,,1679,年份=年份,2026/6/15
1534,抚顺职业技术学院,辽宁省,辽宁,抚顺,,,,综合,专科,公办,,1680,,2026/6/15
1535,辽阳职业技术学院,辽宁省,辽宁,辽阳,,,,综合,专科,公办,,1681,年份=年份,2026/6/15
1536,阜新高等专科学校,辽宁省,辽宁,阜新,,,,综合,专科,公办,,1675,年份=年份,2026/6/15
1537,辽宁省交通高等专科学校,辽宁省,辽宁,沈阳,,,,理工,专科,公办,,1676,年份=年份,2026/6/15
1538,辽宁税务高等专科学校,辽宁省,辽宁,大连,,,,0,专科,公办,,3335,省份=,2026/6/15
1539,盘锦职业技术学院,辽宁省,辽宁,盘锦,,,,综合,专科,公办,,1682,年份=年份,2026/6/15
1540,沈阳航空职业技术学院,辽宁省,辽宁,沈阳,,,,0,专科,公办,,1683,省份=,2026/6/15
1541,辽宁体育运动职业技术学院,辽宁省,辽宁,沈阳,,,,0,专科,公办,,1684,省份=,2026/6/15
1542,辽宁职业学院,辽宁省,辽宁,铁岭,,,,综合,专科,公办,,1685,年份=年份,2026/6/15
1543,辽宁生态工程职业学院,辽宁省,辽宁,沈阳,,,,农林,专科,公办,,3416,年份=年份,2026/6/15
1544,沈阳职业技术学院,辽宁省,辽宁,沈阳,,,,综合,专科,公办,,1687,年份=年份,2026/6/15
1545,辽宁金融职业学院,辽宁省,辽宁,沈阳,,,,财经,专科,公办,,1688,,2026/6/15
1546,辽宁轨道交通职业学院,辽宁省,辽宁,沈阳,,,,理工,专科,公办,,3106,年份=年份,2026/6/15
1547,辽宁机电职业技术学院,辽宁省,辽宁,丹东,,,,理工,专科,公办,,1690,,2026/6/15
1548,辽宁经济职业技术学院,辽宁省,辽宁,沈阳,,,,财经,专科,公办,,1691,年份=年份,2026/6/15
1549,辽宁石化职业技术学院,辽宁省,辽宁,锦州,,,,理工,专科,公办,,1692,年份=年份,2026/6/15
1550,渤海船舶职业学院,,辽宁,葫芦岛,,,,理工,专科,公办,,1693,批次=专科批,2026/6/15
1551,辽宁商贸职业学院,辽宁省,辽宁,沈阳,,,,0,专科,公办,,1332,省份=,2026/6/15
1552,辽宁装备制造职业技术学院,辽宁省,辽宁,沈阳,,,,理工,专科,公办,,1694,年份=年份,2026/6/15
1553,辽河石油职业技术学院,辽宁省,辽宁,盘锦,,,,0,专科,公办,,1695,年份=年份,2026/6/15
1554,辽宁地质工程职业学院,辽宁省,辽宁,丹东,,,,理工,专科,公办,,1696,,2026/6/15
1555,辽宁铁道职业技术学院,辽宁省,辽宁,锦州,,,,理工,专科,公办,,2333,,2026/6/15
1556,辽宁建筑职业学院,辽宁省,辽宁,辽阳,,,,理工,专科,公办,,2334,年份=年份,2026/6/15
1557,辽宁现代服务职业技术学院,辽宁省,辽宁,沈阳,,,,财经,专科,公办,,2335,年份=年份,2026/6/15
1558,辽宁冶金职业技术学院,辽宁省,辽宁,本溪,,,,理工,专科,公办,,2655,年份=年份,2026/6/15
1559,辽宁工程职业学院,辽宁省,辽宁,铁岭,,,,理工,专科,公办,,2652,年份=年份,2026/6/15
1560,辽宁城市建设职业技术学院,辽宁省,辽宁,沈阳,,,,理工,专科,公办,,2651,年份=年份,2026/6/15
1561,辽宁医药职业学院,辽宁省,辽宁,沈阳,,,,医药,专科,公办,,2654,年份=年份,2026/6/15
1562,铁岭卫生职业学院,辽宁省,辽宁,铁岭,,,,0,专科,公办,,2656,,2026/6/15
1563,辽宁政法职业学院,辽宁省,辽宁,沈阳,,,,0,专科,公办,,3336,省份=,2026/6/15
1564,辽宁民族师范高等专科学校,辽宁省,辽宁,沈阳,,,,0,专科,公办,,3228,年份=年份,2026/6/15
1565,辽宁轻工职业学院,辽宁省,辽宁,大连,,,,综合,专科,公办,,3105,,2026/6/15
1566,辽宁特殊教育师范高等专科学校,辽宁省,辽宁,沈阳,,,,0,专科,公办,,3161,年份=年份,2026/6/15
1567,辽宁师范高等专科学校,辽宁省,辽宁,沈阳,,,,0,专科,公办,,3478,年份=年份,2026/6/15
1568,鞍山职业技术学院,辽宁省,辽宁,鞍山,,,,0,专科,公办,,3500,年份=年份,2026/6/15
1569,长春师范高等专科学校,吉林省,吉林,长春,,,,0,专科,公办,,3328,年份=年份,2026/6/15
1570,辽源职业技术学院,吉林省,吉林,辽源,,,,理工,专科,公办,,1609,年份=年份,2026/6/15
1571,四平职业大学,吉林省,吉林,四平,,,,理工,专科,公办,,1610,年份=年份,2026/6/15
1572,长春金融高等专科学校,吉林省,吉林,长春,,,,财经,专科,公办,,1605,,2026/6/15
1573,长春医学高等专科学校,吉林省,吉林,长春,,,,医药,专科,公办,,1607,,2026/6/15
1574,吉林交通职业技术学院,吉林省,吉林,长春,,,,理工,专科,公办,,1611,年份=年份,2026/6/15
1575,吉林司法警官职业学院,吉林省,吉林,长春,,,,政法,专科,公办,,1612,,2026/6/15
1576,吉林电子信息职业技术学院,吉林省,吉林,吉林市,,,,理工,专科,公办,,1613,年份=年份,2026/6/15
1577,吉林工业职业技术学院,吉林省,吉林,吉林市,,,,理工,专科,公办,,1614,,2026/6/15
1578,吉林工程职业学院,吉林省,吉林,四平,,,,理工,专科,公办,,1615,年份=年份,2026/6/15
1579,白城医学高等专科学校,吉林省,吉林,白城,,,,医药,专科,公办,,1608,年份=年份,2026/6/15
1580,松原职业技术学院,吉林省,吉林,松原,,,,0,专科,公办,,1617,年份=年份,2026/6/15
1581,白城职业技术学院,吉林省,吉林,白城,,,,0,专科,公办,,1619,年份=年份,2026/6/15
1582,长白山职业技术学院,吉林省,吉林,白山,,,,0,专科,公办,,2312,年份=年份,2026/6/15
1583,延边职业技术学院,吉林省,吉林,延边,,,,0,专科,公办,,2955,年份=年份,2026/6/15
1584,吉林水利电力职业学院,吉林省,吉林,长春,,,,0,专科,公办,,3329,年份=年份,2026/6/15
1585,吉林通用航空职业技术学院,吉林省,吉林,吉林市,,,,0,专科,公办,,3572,年份=年份,2026/6/15
1586,通化医药健康职业学院,吉林省,吉林,通化,,,,0,专科,公办,,3573,年份=年份,2026/6/15
1587,齐齐哈尔高等师范专科学校,黑龙江省,黑龙江,齐齐哈尔,,,,师范,专科,公办,,2190,,2026/6/15
1588,伊春职业学院,黑龙江省,黑龙江,伊春,,,,综合,专科,公办,,768,,2026/6/15
1589,牡丹江大学,黑龙江省,黑龙江,牡丹江,,,,综合,专科,公办,,766,,2026/6/15
1590,黑龙江职业学院,黑龙江省,黑龙江,哈尔滨,,,,综合,专科,公办,,716,,2026/6/15
1591,黑龙江艺术职业学院,黑龙江省,黑龙江,哈尔滨,,,,0,专科,公办,,762,年份=年份,2026/6/15
1592,大庆职业学院,黑龙江省,黑龙江,大庆,,,,理工,专科,公办,,708,,2026/6/15
1593,黑龙江林业职业技术学院,黑龙江省,黑龙江,牡丹江,,,,综合,专科,公办,,707,,2026/6/15
1594,黑龙江农业职业技术学院,黑龙江省,黑龙江,佳木斯,,,,农林,专科,公办,,739,,2026/6/15
1595,黑龙江农垦职业学院,黑龙江省,黑龙江,哈尔滨,,,,综合,专科,公办,,737,,2026/6/15
1596,黑龙江司法警官职业学院,黑龙江省,黑龙江,哈尔滨,,,,政法,专科,公办,,759,,2026/6/15
1597,鹤岗师范高等专科学校,黑龙江省,黑龙江,鹤岗,,,,师范,专科,公办,,714,年份=年份,2026/6/15
1598,哈尔滨电力职业技术学院,黑龙江省,黑龙江,哈尔滨,,,,理工,专科,公办,,710,年份=年份,2026/6/15
1599,哈尔滨铁道职业技术学院,黑龙江省,黑龙江,哈尔滨,,,,理工,专科,公办,,712,,2026/6/15
1600,大兴安岭职业学院,黑龙江省,黑龙江,大兴安岭,,,,综合,专科,公办,,709,年份=年份,2026/6/15
1601,黑龙江农业经济职业学院,黑龙江省,黑龙江,牡丹江,,,,农林,专科,公办,,764,,2026/6/15
1602,黑龙江商业职业学院,黑龙江省,黑龙江,牡丹江,,,,0,专科,公办,,741,,2026/6/15
1603,黑龙江公安警官职业学院,黑龙江省,黑龙江,哈尔滨,,,,政法,专科,公办,,2193,年份=年份,2026/6/15
1604,黑龙江旅游职业技术学院,黑龙江省,黑龙江,哈尔滨,,,,管理,专科,公办,,732,,2026/6/15
1605,黑龙江生态工程职业学院,黑龙江省,黑龙江,哈尔滨,,,,农林,专科,公办,,742,,2026/6/15
1606,黑龙江能源职业学院,黑龙江省,黑龙江,双鸭山,,,,0,专科,公办,,733,年份=年份,2026/6/15
1607,七台河职业学院,黑龙江省,黑龙江,七台河,,,,综合,专科,公办,,2194,年份=年份,2026/6/15
1608,黑龙江民族职业学院,黑龙江省,黑龙江,哈尔滨,,,,民族,专科,公办,,734,年份=年份,2026/6/15
1609,大庆医学高等专科学校,黑龙江省,黑龙江,大庆,,,,医药,专科,公办,,2191,,2026/6/15
1610,黑龙江交通职业技术学院,黑龙江省,黑龙江,哈尔滨,,,,理工,专科,公办,,2195,,2026/6/15
1611,黑龙江幼儿师范高等专科学校,黑龙江省,黑龙江,牡丹江,,,,师范,专科,公办,,2192,,2026/6/15
1612,哈尔滨科学技术职业学院,黑龙江省,黑龙江,哈尔滨,,,,综合,专科,公办,,2196,年份=年份,2026/6/15
1613,佳木斯职业学院,黑龙江省,黑龙江,佳木斯,,,,综合,专科,公办,,2529,,2026/6/15
1614,黑龙江护理高等专科学校,黑龙江省,黑龙江,哈尔滨,,,,医药,专科,公办,,2660,,2026/6/15
1615,哈尔滨幼儿师范高等专科学校,黑龙江省,黑龙江,哈尔滨,,,,师范,专科,公办,,3052,,2026/6/15
1616,黑龙江冰雪体育职业学院,黑龙江省,黑龙江,哈尔滨,,,,0,专科,公办,,3211,年份=年份,2026/6/15
1617,上海旅游高等专科学校,上海市,上海,上海,,,,综合,专科,公办,,2362,,2026/6/15
1618,上海出版印刷高等专科学校,上海市,上海,上海,,,,综合,专科,公办,,664,,2026/6/15
1619,上海行健职业学院,上海市,上海,上海,,,,综合,专科,公办,,686,,2026/6/15
1620,上海城建职业学院,上海市,上海,上海,,,,综合,专科,公办,,663,,2026/6/15
1621,上海交通职业技术学院,上海市,上海,上海,,,,理工,专科,公办,,677,,2026/6/15
1622,上海海事职业技术学院,上海市,上海,上海,,,,理工,专科,公办,,673,年份=年份,2026/6/15
1623,上海电子信息职业技术学院,上海市,上海,上海,,,,理工,专科,公办,,666,,2026/6/15
1624,上海工艺美术职业学院,上海市,上海,上海,,,,艺术,专科,公办,,671,,2026/6/15
1625,上海科学技术职业学院,上海市,上海,上海,,,,理工,专科,公办,,679,,2026/6/15
1626,上海农林职业技术学院,上海市,上海,上海,,,,农林,专科,公办,,682,,2026/6/15
1628,上海民航职业技术学院,交通运输部（中国民用航空局）,上海,上海,,,,理工,专科,公办,,2934,,2026/6/15
1629,上海南湖职业技术学院,上海市,上海,上海,,,,0,专科,公办,,3574,年份=年份,2026/6/15
1630,盐城幼儿师范高等专科学校,江苏省,江苏,盐城,,,,师范,专科,公办,,3342,年份=年份,2026/6/15
1631,苏州幼儿师范高等专科学校,江苏省,江苏,苏州,,,,师范,专科,公办,,3343,年份=年份,2026/6/15
1632,江苏工程职业技术学院,江苏省,江苏,南通,,,,综合,专科,公办,,1069,年份=年份,2026/6/15
1633,苏州工艺美术职业技术学院,江苏省,江苏,苏州,,,,艺术,专科,公办,,2202,年份=年份,2026/6/15
1634,连云港职业技术学院,江苏省,江苏,连云港,,,,综合,专科,公办,,2203,,2026/6/15
1635,镇江市高等专科学校,江苏省,江苏,镇江,,,,综合,专科,公办,,2201,,2026/6/15
1636,南通职业大学,江苏省,江苏,南通,,,,综合,专科,公办,,2204,,2026/6/15
1637,沙洲职业工学院,江苏省,江苏,苏州,,,,理工,专科,公办,,2206,年份=年份,2026/6/15
1638,江苏经贸职业技术学院,江苏省,江苏,南京,,,,财经,专科,公办,,1591,,2026/6/15
1639,泰州职业技术学院,江苏省,江苏,泰州,,,,综合,专科,公办,,2207,,2026/6/15
1640,常州信息职业技术学院,江苏省,江苏,常州,,,,综合,专科,公办,,1171,,2026/6/15
1641,江苏联合职业技术学院,江苏省,江苏,南京,,,,0,专科,公办,,2208,省份=,2026/6/15
1642,江苏海事职业技术学院,江苏省,江苏,南京,,,,综合,专科,公办,,1436,,2026/6/15
1643,无锡科技职业学院,江苏省,江苏,无锡,,,,综合,专科,公办,,1191,,2026/6/15
1644,江苏医药职业学院,江苏省,江苏,盐城,,,,医药,专科,公办,,1405,,2026/6/15
1645,扬州环境资源职业技术学院,江苏省,江苏,扬州,,,,0,专科,公办,,1120,省份=,2026/6/15
1646,南通科技职业学院,江苏省,江苏,南通,,,,理工,专科,公办,,2209,,2026/6/15
1647,苏州经贸职业技术学院,江苏省,江苏,苏州,,,,财经,专科,公办,,1412,,2026/6/15
1648,苏州工业职业技术学院,江苏省,江苏,苏州,,,,理工,专科,公办,,1359,,2026/6/15
1649,苏州卫生职业技术学院,江苏省,江苏,苏州,,,,医药,专科,公办,,1388,,2026/6/15
1650,无锡商业职业技术学院,江苏省,江苏,无锡,,,,财经,专科,公办,,1589,年份=年份,2026/6/15
1651,江苏航运职业技术学院,江苏省,江苏,南通,,,,理工,专科,公办,,1418,,2026/6/15
1652,南京交通职业技术学院,江苏省,江苏,南京,,,,理工,专科,公办,,1370,年份=年份,2026/6/15
1653,江苏电子信息职业学院,江苏省,江苏,淮安,,,,综合,专科,公办,,2210,,2026/6/15
1654,江苏农牧科技职业学院,江苏省,江苏,泰州,,,,农林,专科,公办,,1051,,2026/6/15
1655,常州纺织服装职业技术学院,江苏省,江苏,常州,,,,理工,专科,公办,,1121,年份=年份,2026/6/15
1656,苏州农业职业技术学院,江苏省,江苏,苏州,,,,农林,专科,公办,,1449,,2026/6/15
1657,苏州工业园区职业技术学院,江苏省,江苏,苏州,,,,综合,专科,公办,,2211,,2026/6/15
1658,南京科技职业学院,江苏省,江苏,南京,,,,理工,专科,公办,,2212,,2026/6/15
1659,常州工业职业技术学院,江苏省,江苏,常州,,,,理工,专科,公办,,1239,,2026/6/15
1660,常州工程职业技术学院,江苏省,江苏,常州,,,,理工,专科,公办,,1151,,2026/6/15
1661,江苏农林职业技术学院,江苏省,江苏,镇江,,,,农林,专科,公办,,1434,,2026/6/15
1662,江苏食品药品职业技术学院,江苏省,江苏,淮安,,,,综合,专科,公办,,1330,,2026/6/15
1663,南京铁道职业技术学院,江苏省,江苏,南京,,,,理工,专科,公办,,1141,,2026/6/15
1664,徐州工业职业技术学院,江苏省,江苏,徐州,,,,理工,专科,公办,,1193,,2026/6/15
1665,江苏信息职业技术学院,江苏省,江苏,无锡,,,,理工,专科,公办,,1406,,2026/6/15
1666,宿迁职业技术学院,江苏省,江苏,宿迁,,,,0,专科,公办,,2213,,2026/6/15
1667,南京信息职业技术学院,江苏省,江苏,南京,,,,综合,专科,公办,,1376,,2026/6/15
1668,常州机电职业技术学院,江苏省,江苏,常州,,,,综合,专科,公办,,2214,年份=年份,2026/6/15
1669,江阴职业技术学院,江苏省,江苏,无锡,,,,综合,专科,公办,,2215,,2026/6/15
1670,无锡城市职业技术学院,江苏省,江苏,无锡,,,,综合,专科,公办,,2216,,2026/6/15
1671,无锡工艺职业技术学院,江苏省,江苏,无锡,,,,艺术,专科,公办,,1361,,2026/6/15
1672,苏州健雄职业技术学院,江苏省,江苏,苏州,,,,综合,专科,公办,,2217,年份=年份,2026/6/15
1673,盐城工业职业技术学院,江苏省,江苏,盐城,,,,理工,专科,公办,,2218,,2026/6/15
1674,江苏财经职业技术学院,江苏省,江苏,淮安,,,,财经,专科,公办,,2219,,2026/6/15
1675,扬州工业职业技术学院,江苏省,江苏,扬州,,,,综合,专科,公办,,1155,,2026/6/15
1676,江苏城市职业学院,江苏省,江苏,南京,,,,综合,专科,公办,,1543,,2026/6/15
1677,南京城市职业学院,江苏省,江苏,南京,,,,综合,专科,公办,,3143,年份=年份,2026/6/15
1678,南京机电职业技术学院,江苏省,江苏,南京,,,,综合,专科,公办,,2220,,2026/6/15
1679,南京旅游职业学院,江苏省,江苏,南京,,,,综合,专科,公办,,2539,,2026/6/15
1680,江苏卫生健康职业学院,江苏省,江苏,南京,,,,医药,专科,公办,,2221,,2026/6/15
1681,苏州信息职业技术学院,江苏省,江苏,苏州,,,,理工,专科,公办,,2558,年份=年份,2026/6/15
1682,苏州工业园区服务外包职业学院,江苏省,江苏,苏州,,,,综合,专科,公办,,2662,,2026/6/15
1683,徐州幼儿师范高等专科学校,江苏省,江苏,徐州,,,,师范,专科,公办,,3089,年份=年份,2026/6/15
1684,徐州生物工程职业技术学院,江苏省,江苏,徐州,,,,理工,专科,公办,,3090,,2026/6/15
1685,江苏商贸职业学院,江苏省,江苏,南通,,,,综合,专科,公办,,3109,,2026/6/15
1686,南通师范高等专科学校,江苏省,江苏,南通,,,,师范,专科,公办,,3230,,2026/6/15
1687,江苏护理职业学院,江苏省,江苏,淮安,,,,医药,专科,公办,,3273,,2026/6/15
1688,江苏财会职业学院,江苏省,江苏,连云港,,,,财经,专科,公办,,3224,,2026/6/15
1689,江苏城乡建设职业学院,江苏省,江苏,常州,,,,综合,专科,公办,,3345,年份=年份,2026/6/15
1690,江苏航空职业技术学院,江苏省,江苏,镇江,,,,理工,专科,公办,,3346,,2026/6/15
1691,江苏安全技术职业学院,江苏省,江苏,徐州,,,,综合,专科,公办,,3347,年份=年份,2026/6/15
1692,江苏旅游职业学院,江苏省,江苏,扬州,,,,综合,专科,公办,,3348,年份=年份,2026/6/15
1693,温州职业技术学院,浙江省,浙江,温州,,,,综合,专科,公办,,1768,年份=年份,2026/6/15
1694,浙江交通职业技术学院,浙江省,浙江,杭州,,,,理工,专科,公办,,1769,,2026/6/15
1695,宁波城市职业技术学院,浙江省,浙江,宁波,,,,综合,专科,公办,,1771,年份=年份,2026/6/15
1697,浙江同济科技职业学院,浙江省,浙江,杭州,,,,理工,专科,公办,,1773,,2026/6/15
1698,浙江工商职业技术学院,浙江省,浙江,宁波,,,,财经,专科,公办,,1353,年份=年份,2026/6/15
1699,台州职业技术学院,浙江省,浙江,台州,,,,综合,专科,公办,,1351,年份=年份,2026/6/15
1700,浙江工贸职业技术学院,浙江省,浙江,温州,,,,综合,专科,公办,,1774,年份=年份,2026/6/15
1701,浙江建设职业技术学院,浙江省,浙江,杭州,,,,理工,专科,公办,,1349,,2026/6/15
1702,浙江艺术职业学院,浙江省,浙江,杭州,,,,艺术,专科,公办,,1775,年份=年份,2026/6/15
1703,浙江经贸职业技术学院,浙江省,浙江,杭州,,,,财经,专科,公办,,1350,年份=年份,2026/6/15
1704,浙江商业职业技术学院,浙江省,浙江,杭州,,,,财经,专科,公办,,1341,,2026/6/15
1705,浙江经济职业技术学院,浙江省,浙江,杭州,,,,财经,专科,公办,,1776,,2026/6/15
1706,浙江旅游职业学院,浙江省,浙江,杭州,,,,综合,专科,公办,,1777,年份=年份,2026/6/15
1707,浙江警官职业学院,浙江省,浙江,杭州,,,,政法,专科,公办,,1778,年份=年份,2026/6/15
1708,浙江金融职业学院,浙江省,浙江,杭州,,,,财经,专科,公办,,1357,,2026/6/15
1709,浙江工业职业技术学院,浙江省,浙江,绍兴,,,,综合,专科,公办,,1779,年份=年份,2026/6/15
1710,嘉兴职业技术学院,浙江省,浙江,嘉兴,,,,综合,专科,公办,,1781,年份=年份,2026/6/15
1711,湖州职业技术学院,浙江省,浙江,湖州,,,,综合,专科,公办,,1345,年份=年份,2026/6/15
1712,衢州职业技术学院,浙江省,浙江,衢州,,,,综合,专科,公办,,1782,年份=年份,2026/6/15
1713,丽水职业技术学院,浙江省,浙江,丽水,,,,综合,专科,公办,,1783,年份=年份,2026/6/15
1714,义乌工商职业技术学院,浙江省,浙江,金华,,,,综合,专科,公办,,1784,年份=年份,2026/6/15
1715,浙江纺织服装职业技术学院,浙江省,浙江,宁波,,,,综合,专科,公办,,1785,年份=年份,2026/6/15
1716,杭州科技职业技术学院,浙江省,浙江,杭州,,,,综合,专科,公办,,2378,年份=年份,2026/6/15
1717,浙江邮电职业技术学院,浙江省,浙江,绍兴,,,,理工,专科,公办,,1786,,2026/6/15
1718,宁波卫生职业技术学院,浙江省,浙江,宁波,,,,医药,专科,公办,,1787,,2026/6/15
1719,台州科技职业学院,浙江省,浙江,台州,,,,综合,专科,公办,,1788,,2026/6/15
1720,浙江国际海运职业技术学院,浙江省,浙江,舟山,,,,理工,专科,公办,,1789,年份=年份,2026/6/15
1721,浙江体育职业技术学院,浙江省,浙江,杭州,,,,体育,专科,公办,,1790,省份=,2026/6/15
1722,温州科技职业学院,浙江省,浙江,温州,,,,农林,专科,公办,,2377,年份=年份,2026/6/15
1723,浙江农业商贸职业学院,浙江省,浙江,绍兴,,,,综合,专科,公办,,3046,年份=年份,2026/6/15
1724,浙江特殊教育职业学院,浙江省,浙江,杭州,,,,综合,专科,公办,,3208,年份=年份,2026/6/15
1725,浙江安防职业技术学院,浙江省,浙江,温州,,,,理工,专科,公办,,3349,年份=年份,2026/6/15
1726,浙江舟山群岛新区旅游与健康职业学院,浙江省,浙江,舟山,,,,0,专科,公办,,3350,年份=年份,2026/6/15
1727,宁波幼儿师范高等专科学校,浙江省,浙江,宁波,,,,师范,专科,公办,,2905,年份=年份,2026/6/15
1728,淮北职业技术学院,安徽省,安徽,淮北,,,,综合,专科,公办,,1806,,2026/6/15
1729,淮南联合大学,安徽省,安徽,淮南,,,,综合,专科,公办,,1808,,2026/6/15
1730,安徽商贸职业技术学院,安徽省,安徽,芜湖,,,,财经,专科,公办,,1809,年份=年份,2026/6/15
1731,安徽水利水电职业技术学院,安徽省,安徽,合肥,,,,理工,专科,公办,,1810,年份=年份,2026/6/15
1732,阜阳职业技术学院,安徽省,安徽,阜阳,,,,理工,专科,公办,,1811,年份=年份,2026/6/15
1733,铜陵职业技术学院,安徽省,安徽,铜陵,,,,理工,专科,公办,,1812,年份=年份,2026/6/15
1734,安徽警官职业学院,安徽省,安徽,合肥,,,,政法,专科,公办,,1813,年份=年份,2026/6/15
1735,淮南职业技术学院,安徽省,安徽,淮南,,,,理工,专科,公办,,1814,,2026/6/15
1736,安徽工业经济职业技术学院,安徽省,安徽,合肥,,,,财经,专科,公办,,1815,年份=年份,2026/6/15
1737,合肥通用职业技术学院,安徽省,安徽,合肥,,,,理工,专科,公办,,1816,,2026/6/15
1738,安徽工贸职业技术学院,安徽省,安徽,淮南,,,,理工,专科,公办,,1817,年份=年份,2026/6/15
1739,宿州职业技术学院,安徽省,安徽,宿州,,,,综合,专科,公办,,1818,年份=年份,2026/6/15
1740,六安职业技术学院,安徽省,安徽,六安,,,,理工,专科,公办,,1819,年份=年份,2026/6/15
1741,安徽电子信息职业技术学院,安徽省,安徽,蚌埠,,,,理工,专科,公办,,1820,年份=年份,2026/6/15
1742,安徽交通职业技术学院,安徽省,安徽,合肥,,,,理工,专科,公办,,1821,年份=年份,2026/6/15
1743,安徽体育运动职业技术学院,安徽省,安徽,合肥,,,,体育,专科,公办,,1822,年份=年份,2026/6/15
1744,安徽中医药高等专科学校,安徽省,安徽,芜湖,,,,医药,专科,公办,,1802,年份=年份,2026/6/15
1745,合肥职业技术学院,安徽省,安徽,合肥,,,,综合,专科,公办,,1823,年份=年份,2026/6/15
1746,滁州职业技术学院,安徽省,安徽,滁州,,,,综合,专科,公办,,1824,年份=年份,2026/6/15
1747,池州职业技术学院,安徽省,安徽,池州,,,,理工,专科,公办,,1825,年份=年份,2026/6/15
1748,宣城职业技术学院,安徽省,安徽,宣城,,,,理工,专科,公办,,1826,,2026/6/15
1749,安徽广播影视职业技术学院,安徽省,安徽,合肥,,,,艺术,专科,公办,,1827,年份=年份,2026/6/15
1750,安徽电气工程职业技术学院,安徽省,安徽,合肥,,,,理工,专科,公办,,1828,,2026/6/15
1751,安徽冶金科技职业学院,安徽省,安徽,马鞍山,,,,0,专科,公办,,1829,,2026/6/15
1752,安徽城市管理职业学院,安徽省,安徽,合肥,,,,综合,专科,公办,,1830,年份=年份,2026/6/15
1753,安徽机电职业技术学院,安徽省,安徽,芜湖,,,,理工,专科,公办,,1831,年份=年份,2026/6/15
1754,安徽工商职业学院,安徽省,安徽,合肥,,,,财经,专科,公办,,1832,年份=年份,2026/6/15
1755,安徽中澳科技职业学院,安徽省,安徽,合肥,,,,综合,专科,公办,,1833,年份=年份,2026/6/15
1756,亳州职业技术学院,安徽省,安徽,亳州,,,,理工,专科,公办,,1834,年份=年份,2026/6/15
1757,安徽国防科技职业学院,安徽省,安徽,六安,,,,理工,专科,公办,,1835,年份=年份,2026/6/15
1758,安庆职业技术学院,安徽省,安徽,安庆,,,,理工,专科,公办,,1836,年份=年份,2026/6/15
1759,安徽艺术职业学院,安徽省,安徽,合肥,,,,艺术,专科,公办,,1837,年份=年份,2026/6/15
1760,马鞍山师范高等专科学校,安徽省,安徽,马鞍山,,,,师范,专科,公办,,1803,年份=年份,2026/6/15
1761,安徽财贸职业学院,安徽省,安徽,合肥,,,,财经,专科,公办,,1838,年份=年份,2026/6/15
1762,安徽国际商务职业学院,安徽省,安徽,合肥,,,,财经,专科,公办,,1839,年份=年份,2026/6/15
1763,安徽公安职业学院,安徽省,安徽,合肥,,,,政法,专科,公办,,3247,年份=年份,2026/6/15
1764,安徽林业职业技术学院,安徽省,安徽,合肥,,,,农林,专科,公办,,1841,年份=年份,2026/6/15
1765,安徽审计职业学院,安徽省,安徽,合肥,,,,财经,专科,公办,,1842,,2026/6/15
1766,安徽新闻出版职业技术学院,安徽省,安徽,合肥,,,,综合,专科,公办,,1843,,2026/6/15
1767,安徽邮电职业技术学院,安徽省,安徽,合肥,,,,理工,专科,公办,,1844,年份=年份,2026/6/15
1768,安徽工业职业技术学院,安徽省,安徽,铜陵,,,,理工,专科,公办,,1845,年份=年份,2026/6/15
1769,安庆医药高等专科学校,安徽省,安徽,安庆,,,,医药,专科,公办,,1804,,2026/6/15
1770,徽商职业学院,安徽省,安徽,合肥,,,,财经,专科,公办,,2404,年份=年份,2026/6/15
1771,马鞍山职业技术学院,安徽省,安徽,马鞍山,,,,理工,专科,公办,,1407,,2026/6/15
1772,桐城师范高等专科学校,安徽省,安徽,安庆,,,,0,专科,公办,,2665,年份=年份,2026/6/15
1773,黄山职业技术学院,安徽省,安徽,黄山,,,,理工,专科,公办,,2666,年份=年份,2026/6/15
1774,滁州城市职业学院,安徽省,安徽,滁州,,,,综合,专科,公办,,2667,年份=年份,2026/6/15
1775,安徽汽车职业技术学院,安徽省,安徽,合肥,,,,0,专科,公办,,2668,年份=年份,2026/6/15
1776,皖西卫生职业学院,安徽省,安徽,六安,,,,0,专科,公办,,2664,年份=年份,2026/6/15
1777,合肥幼儿师范高等专科学校,安徽省,安徽,合肥,,,,师范,专科,公办,,3115,,2026/6/15
1778,安徽黄梅戏艺术职业学院,安徽省,安徽,安庆,,,,艺术,专科,公办,,2922,年份=年份,2026/6/15
1779,安徽粮食工程职业学院,安徽省,安徽,合肥,,,,综合,专科,公办,,3065,,2026/6/15
1780,安徽卫生健康职业学院,安徽省,安徽,池州,,,,0,专科,公办,,2921,年份=年份,2026/6/15
1781,皖北卫生职业学院,安徽省,安徽,宿州,,,,0,专科,公办,,3185,年份=年份,2026/6/15
1782,阜阳幼儿师范高等专科学校,安徽省,安徽,阜阳,,,,师范,专科,公办,,3256,年份=年份,2026/6/15
1783,福建船政交通职业学院,福建省,福建,福州,,,,理工,专科,公办,,1864,批次=专科批,2026/6/15
1784,漳州职业技术学院,福建省,福建,漳州,,,,综合,专科,公办,,1865,批次=专科批,2026/6/15
1785,闽西职业技术学院,福建省,福建,龙岩,,,,综合,专科,公办,,1866,批次=专科批,2026/6/15
1786,福州职业技术学院,福建省,福建,福州,,,,综合,专科,公办,,1867,年份=年份,2026/6/15
1787,福建林业职业技术学院,福建省,福建,南平,,,,农林,专科,公办,,1868,年份=年份,2026/6/15
1788,福建信息职业技术学院,福建省,福建,福州,,,,理工,专科,公办,,1869,年份=年份,2026/6/15
1789,福建水利电力职业技术学院,福建省,福建,三明,,,,理工,专科,公办,,1870,批次=专科批,2026/6/15
1790,福建电力职业技术学院,福建省,福建,泉州,,,,理工,专科,公办,,1587,批次=专科批,2026/6/15
1791,厦门海洋职业技术学院,福建省,福建,厦门,,,,综合,专科,公办,,1871,年份=年份,2026/6/15
1792,福建农业职业技术学院,福建省,福建,福州,,,,农林,专科,公办,,1872,年份=年份,2026/6/15
1793,福建卫生职业技术学院,福建省,福建,福州,,,,医药,专科,公办,,1873,年份=年份,2026/6/15
1794,泉州医学高等专科学校,福建省,福建,泉州,,,,医药,专科,公办,,1863,年份=年份,2026/6/15
1795,闽北职业技术学院,福建省,福建,南平,,,,综合,专科,公办,,1875,年份=年份,2026/6/15
1796,泉州经贸职业技术学院,福建省,福建,泉州,,,,财经,专科,公办,,1876,批次=专科批,2026/6/15
1797,湄洲湾职业技术学院,福建省,福建,莆田,,,,理工,专科,公办,,1878,年份=年份,2026/6/15
1798,福建生物工程职业技术学院,福建省,福建,福州,,,,医药,专科,公办,,1879,年份=年份,2026/6/15
1799,福建艺术职业学院,福建省,福建,福州,,,,艺术,专科,公办,,1880,年份=年份,2026/6/15
1800,福建幼儿师范高等专科学校,福建省,福建,福州,,,,师范,专科,公办,,2970,年份=年份,2026/6/15
1801,厦门城市职业学院,福建省,福建,厦门,,,,综合,专科,公办,,1881,批次=专科批,2026/6/15
1802,泉州工艺美术职业学院,福建省,福建,泉州,,,,艺术,专科,公办,,1882,批次=专科批,2026/6/15
1803,三明医学科技职业学院,福建省,福建,三明,,,,综合,专科,公办,,1883,年份=年份,2026/6/15
1804,宁德职业技术学院,福建省,福建,宁德,,,,综合,专科,公办,,1884,年份=年份,2026/6/15
1805,福建体育职业技术学院,福建省,福建,福州,,,,体育,专科,公办,,1885,年份=年份,2026/6/15
1806,漳州城市职业学院,福建省,福建,漳州,,,,综合,专科,公办,,1886,批次=专科批,2026/6/15
1807,漳州卫生职业学院,福建省,福建,漳州,,,,医药,专科,公办,,1887,批次=专科批,2026/6/15
1808,泉州幼儿师范高等专科学校,福建省,福建,泉州,,,,师范,专科,公办,,2954,年份=年份,2026/6/15
1809,闽江师范高等专科学校,福建省,福建,福州,,,,师范,专科,公办,,3282,批次=专科批,2026/6/15
1810,上饶幼儿师范高等专科学校,江西省,江西,上饶,,,,0,专科,公办,,3353,批次=专科批,2026/6/15
1811,抚州幼儿师范高等专科学校,江西省,江西,抚州,,,,0,专科,公办,,3355,批次=专科批,2026/6/15
1812,江西工业职业技术学院,江西省,江西,南昌,,,,综合,专科,公办,,895,批次=专科批,2026/6/15
1813,江西医学高等专科学校,江西省,江西,上饶,,,,医药,专科,公办,,2891,批次=专科批,2026/6/15
1814,九江职业大学,江西省,江西,九江,,,,综合,专科,公办,,896,批次=专科批,2026/6/15
1815,江西司法警官职业学院,江西省,江西,南昌,,,,政法,专科,公办,,927,批次=专科批,2026/6/15
1816,江西陶瓷工艺美术职业技术学院,江西省,江西,景德镇,,,,艺术,专科,公办,,944,年份=2022,2026/6/15
1817,江西旅游商贸职业学院,江西省,江西,南昌,,,,综合,专科,公办,,940,批次=专科批,2026/6/15
1818,江西电力职业技术学院,江西省,江西,南昌,,,,理工,专科,公办,,931,批次=专科批,2026/6/15
1819,江西环境工程职业学院,江西省,江西,赣州,,,,农林,专科,公办,,959,批次=专科批,2026/6/15
1820,江西艺术职业学院,江西省,江西,南昌,,,,艺术,专科,公办,,950,年份=2021,2026/6/15
1821,鹰潭职业技术学院,江西省,江西,鹰潭,,,,综合,专科,公办,,954,年份=年份,2026/6/15
1822,江西信息应用职业技术学院,江西省,江西,南昌,,,,理工,专科,公办,,958,批次=专科批,2026/6/15
1823,江西交通职业技术学院,江西省,江西,南昌,,,,理工,专科,公办,,913,批次=专科批,2026/6/15
1824,江西财经职业学院,江西省,江西,九江,,,,财经,专科,公办,,949,批次=专科批,2026/6/15
1825,江西应用技术职业学院,江西省,江西,赣州,,,,理工,专科,公办,,948,批次=专科批,2026/6/15
1826,江西现代职业技术学院,江西省,江西,南昌,,,,理工,专科,公办,,904,批次=专科批,2026/6/15
1827,江西工业工程职业技术学院,江西省,江西,萍乡,,,,理工,专科,公办,,956,批次=专科批,2026/6/15
1828,江西机电职业技术学院,江西省,江西,南昌,,,,理工,专科,公办,,943,批次=专科批,2026/6/15
1829,江西外语外贸职业学院,江西省,江西,南昌,,,,语言,专科,公办,,926,批次=专科批,2026/6/15
1830,江西工业贸易职业技术学院,江西省,江西,南昌,,,,综合,专科,公办,,900,批次=专科批,2026/6/15
1831,宜春职业技术学院,江西省,江西,宜春,,,,综合,专科,公办,,908,批次=专科批,2026/6/15
1832,江西应用工程职业学院,江西省,江西,萍乡,,,,理工,专科,公办,,917,批次=专科批,2026/6/15
1833,江西生物科技职业学院,江西省,江西,南昌,,,,农林,专科,公办,,925,批次=专科批,2026/6/15
1834,江西建设职业技术学院,江西省,江西,南昌,,,,理工,专科,公办,,955,年份=年份,2026/6/15
1835,抚州职业技术学院,江西省,江西,抚州,,,,综合,专科,公办,,914,批次=专科批,2026/6/15
1836,江西制造职业技术学院,江西省,江西,南昌,,,,理工,专科,公办,,946,批次=专科批,2026/6/15
1837,江西工程职业学院,江西省,江西,南昌,,,,综合,专科,公办,,922,批次=专科批,2026/6/15
1838,江西青年职业学院,江西省,江西,南昌,,,,综合,专科,公办,,942,批次=专科批,2026/6/15
1839,上饶职业技术学院,江西省,江西,上饶,,,,理工,专科,公办,,947,批次=专科批,2026/6/15
1840,江西农业工程职业学院,江西省,江西,宜春,,,,农林,专科,公办,,941,年份=年份,2026/6/15
1841,江西卫生职业学院,江西省,江西,南昌,,,,医药,专科,公办,,871,年份=2021,2026/6/15
1842,江西冶金职业技术学院,江西省,江西,新余,,,,理工,专科,公办,,2424,批次=专科批,2026/6/15
1843,江西管理职业学院,江西省,江西,南昌,,,,0,专科,公办,,3357,年份=年份,2026/6/15
1844,江西传媒职业学院,江西省,江西,南昌,,,,艺术,专科,公办,,2426,年份=年份,2026/6/15
1845,赣州师范高等专科学校,江西省,江西,赣州,,,,师范,专科,公办,,2885,年份=2024,2026/6/15
1846,江西水利职业学院,江西省,江西,南昌,,,,理工,专科,公办,,3249,批次=专科批,2026/6/15
1847,宜春幼儿师范高等专科学校,江西省,江西,宜春,,,,师范,专科,公办,,3327,批次=专科批,2026/6/15
1848,吉安职业技术学院,江西省,江西,吉安,,,,综合,专科,公办,,3187,批次=专科批,2026/6/15
1849,江西师范高等专科学校,江西省,江西,鹰潭,,,,师范,专科,公办,,3253,批次=专科批,2026/6/15
1850,赣南卫生健康职业学院,江西省,江西,赣州,,,,0,专科,公办,,3358,批次=专科批,2026/6/15
1851,萍乡卫生职业学院,江西省,江西,萍乡,,,,0,专科,公办,,3430,批次=专科批,2026/6/15
1852,江西婺源茶业职业学院,江西省,江西,上饶,,,,0,专科,公办,,3431,批次=专科批,2026/6/15
1853,赣州职业技术学院,江西省,江西,赣州,,,,0,专科,公办,,3432,批次=专科批,2026/6/15
1854,南昌健康职业技术学院,江西省,江西,南昌,,,,0,专科,公办,,3504,批次=专科批,2026/6/15
1855,山东医学高等专科学校,山东省,山东,临沂,,,,医药,专科,公办,,678,年份=年份,2026/6/15
1856,菏泽医学专科学校,山东省,山东,菏泽,,,,医药,专科,公办,,1165,年份=年份,2026/6/15
1857,山东商业职业技术学院,山东省,山东,济南,,,,财经,专科,公办,,2097,批次=专科批,2026/6/15
1858,山东电力高等专科学校,山东省,山东,济南,,,,理工,专科,公办,,2094,年份=年份,2026/6/15
1859,青岛职业技术学院,山东省,山东,青岛,,,,综合,专科,公办,,2098,年份=年份,2026/6/15
1860,威海职业学院,山东省,山东,威海,,,,综合,专科,公办,,2099,批次=专科提前批,2026/6/15
1861,山东职业学院,山东省,山东,济南,,,,理工,专科,公办,,1513,批次=专科批,2026/6/15
1862,山东劳动职业技术学院,山东省,山东,济南,,,,理工,专科,公办,,2100,年份=年份,2026/6/15
1863,莱芜职业技术学院,山东省,山东,济南,,,,综合,专科,公办,,2101,年份=年份,2026/6/15
1864,济宁职业技术学院,山东省,山东,济宁,,,,综合,专科,公办,,2102,年份=年份,2026/6/15
1865,潍坊职业学院,山东省,山东,潍坊,,,,综合,专科,公办,,2103,年份=年份,2026/6/15
1866,烟台职业学院,山东省,山东,烟台,,,,综合,专科,公办,,2104,年份=年份,2026/6/15
1867,东营职业学院,山东省,山东,东营,,,,综合,专科,公办,,2105,年份=年份,2026/6/15
1868,聊城职业技术学院,山东省,山东,聊城,,,,综合,专科,公办,,1369,年份=年份,2026/6/15
1869,山东科技职业学院,山东省,山东,潍坊,,,,理工,专科,公办,,2107,年份=年份,2026/6/15
1870,山东服装职业学院,山东省,山东,泰安,,,,综合,专科,公办,,2108,年份=年份,2026/6/15
1871,山东水利职业学院,山东省,山东,日照,,,,理工,专科,公办,,2109,年份=年份,2026/6/15
1872,山东畜牧兽医职业学院,山东省,山东,潍坊,,,,农林,专科,公办,,2110,批次=专科批,2026/6/15
1873,东营科技职业学院,山东省,山东,东营,,,,0,专科,公办,,2145,年份=年份,2026/6/15
1874,山东交通职业学院,山东省,山东,潍坊,,,,理工,专科,公办,,2111,年份=年份,2026/6/15
1875,山东外贸职业学院,山东省,山东,青岛,,,,财经,专科,公办,,2113,批次=专科批,2026/6/15
1876,青岛酒店管理职业技术学院,山东省,山东,青岛,,,,综合,专科,公办,,1168,批次=专科批,2026/6/15
1877,山东信息职业技术学院,山东省,山东,潍坊,,,,理工,专科,公办,,2114,批次=专科提前批,2026/6/15
1878,青岛港湾职业技术学院,山东省,山东,青岛,,,,理工,专科,公办,,2115,批次=专科批,2026/6/15
1879,山东胜利职业学院,山东省,山东,东营,,,,理工,专科,公办,,2116,年份=年份,2026/6/15
1880,山东经贸职业学院,山东省,山东,潍坊,,,,财经,专科,公办,,2117,年份=年份,2026/6/15
1881,山东工业职业学院,山东省,山东,淄博,,,,理工,专科,公办,,2118,年份=年份,2026/6/15
1882,山东化工职业学院,山东省,山东,潍坊,,,,理工,专科,公办,,2119,年份=年份,2026/6/15
1883,济南职业学院,山东省,山东,济南,,,,综合,专科,公办,,2120,年份=年份,2026/6/15
1884,烟台工程职业技术学院,山东省,山东,烟台,,,,理工,专科,公办,,2506,年份=年份,2026/6/15
1885,德州职业技术学院,山东省,山东,德州,,,,综合,专科,公办,,2507,年份=年份,2026/6/15
1886,枣庄科技职业学院,山东省,山东,枣庄,,,,综合,专科,公办,,2143,批次=专科批,2026/6/15
1887,淄博师范高等专科学校,山东省,山东,淄博,,,,师范,专科,公办,,2095,年份=年份,2026/6/15
1888,山东中医药高等专科学校,山东省,山东,烟台,,,,医药,专科,公办,,2096,年份=年份,2026/6/15
1889,济南工程职业技术学院,山东省,山东,济南,,,,理工,专科,公办,,2121,年份=年份,2026/6/15
1890,山东电子职业技术学院,山东省,山东,济南,,,,理工,专科,公办,,2122,年份=年份,2026/6/15
1891,山东旅游职业学院,山东省,山东,济南,,,,综合,专科,公办,,2123,年份=年份,2026/6/15
1892,山东铝业职业学院,山东省,山东,淄博,,,,理工,专科,公办,,2124,年份=年份,2026/6/15
1893,泰山职业技术学院,山东省,山东,泰安,,,,综合,专科,公办,,2125,批次=专科提前批,2026/6/15
1894,山东药品食品职业学院,山东省,山东,威海,,,,医药,专科,公办,,2126,年份=年份,2026/6/15
1895,山东商务职业学院,山东省,山东,烟台,,,,综合,专科,公办,,2127,年份=年份,2026/6/15
1896,山东轻工职业学院,山东省,山东,淄博,,,,理工,专科,公办,,1510,年份=年份,2026/6/15
1897,山东城市建设职业学院,山东省,山东,济南,,,,理工,专科,公办,,2128,年份=年份,2026/6/15
1898,烟台汽车工程职业学院,山东省,山东,烟台,,,,理工,专科,公办,,2129,年份=年份,2026/6/15
1899,山东司法警官职业学院,山东省,山东,济南,,,,政法,专科,公办,,2130,年份=年份,2026/6/15
1900,菏泽家政职业学院,山东省,山东,菏泽,,,,综合,专科,公办,,2131,年份=年份,2026/6/15
1901,山东传媒职业学院,山东省,山东,济南,,,,艺术,专科,公办,,2508,年份=年份,2026/6/15
1902,临沂职业学院,山东省,山东,临沂,,,,理工,专科,公办,,2509,年份=年份,2026/6/15
1903,枣庄职业学院,山东省,山东,枣庄,,,,综合,专科,公办,,2510,批次=专科批,2026/6/15
1904,山东理工职业学院,山东省,山东,济宁,,,,综合,专科,公办,,2511,年份=年份,2026/6/15
1905,青岛远洋船员职业学院,山东省,山东,青岛,,,,理工,专科,公办,,2669,年份=年份,2026/6/15
1906,济南幼儿师范高等专科学校,山东省,山东,济南,,,,师范,专科,公办,,2959,年份=年份,2026/6/15
1907,济南护理职业学院,山东省,山东,济南,,,,医药,专科,公办,,2817,年份=年份,2026/6/15
1908,泰山护理职业学院,山东省,山东,泰安,,,,医药,专科,公办,,2960,年份=年份,2026/6/15
1909,潍坊护理职业学院,山东省,山东,潍坊,,,,医药,专科,公办,,2961,年份=年份,2026/6/15
1910,潍坊工程职业学院,山东省,山东,潍坊,,,,理工,专科,公办,,2897,批次=专科提前批,2026/6/15
1911,菏泽职业学院,山东省,山东,菏泽,,,,综合,专科,公办,,3113,年份=年份,2026/6/15
1912,威海海洋职业学院,山东省,山东,威海,,,,理工,专科,公办,,3227,年份=年份,2026/6/15
1913,山东特殊教育职业学院,山东省,山东,济南,,,,0,专科,公办,,3359,年份=年份,2026/6/15
1914,青岛工程职业学院,山东省,山东,青岛,,,,0,专科,公办,,3465,年份=年份,2026/6/15
1915,青岛幼儿师范高等专科学校,山东省,山东,青岛,,,,0,专科,公办,,3488,年份=年份,2026/6/15
1916,烟台幼儿师范高等专科学校,山东省,山东,烟台,,,,0,专科,公办,,3489,年份=年份,2026/6/15
1917,烟台文化旅游职业学院,山东省,山东,烟台,,,,0,专科,公办,,3506,年份=年份,2026/6/15
1918,临沂科技职业学院,山东省,山东,临沂,,,,0,专科,公办,,3507,年份=年份,2026/6/15
1919,河南职业技术学院,河南省,河南,郑州,,,,理工,专科,公办,,1050,年份=年份,2026/6/15
1920,漯河职业技术学院,河南省,河南,漯河,,,,综合,专科,公办,,1554,批次=专科批,2026/6/15
1921,三门峡职业技术学院,河南省,河南,三门峡,,,,综合,专科,公办,,1410,年份=年份,2026/6/15
1922,郑州铁路职业技术学院,河南省,河南,郑州,,,,理工,专科,公办,,1156,年份=年份,2026/6/15
1923,开封大学,河南省,河南,开封,,,,综合,专科,公办,,1520,批次=专科批,2026/6/15
1924,焦作大学,河南省,河南,焦作,,,,综合,专科,公办,,1923,批次=专科批,2026/6/15
1925,濮阳职业技术学院,河南省,河南,濮阳,,,,综合,专科,公办,,1172,批次=专科批,2026/6/15
1926,郑州电力高等专科学校,河南省,河南,郑州,,,,理工,专科,公办,,902,批次=专科批,2026/6/15
1927,许昌职业技术学院,河南省,河南,许昌,,,,综合,专科,公办,,1925,年份=年份,2026/6/15
1928,河南工业和信息化职业学院,河南省,河南,焦作,,,,理工,专科,公办,,3114,年份=年份,2026/6/15
1929,河南水利与环境职业学院,河南省,河南,郑州,,,,理工,专科,公办,,3067,批次=专科批,2026/6/15
1930,商丘职业技术学院,河南省,河南,商丘,,,,综合,专科,公办,,1926,年份=年份,2026/6/15
1931,平顶山工业职业技术学院,河南省,河南,平顶山,,,,理工,专科,公办,,1301,年份=年份,2026/6/15
1932,周口职业技术学院,河南省,河南,周口,,,,综合,专科,公办,,1927,批次=专科批,2026/6/15
1933,济源职业技术学院,河南省,河南,济源,,,,综合,专科,公办,,1928,年份=年份,2026/6/15
1934,河南司法警官职业学院,河南省,河南,郑州,,,,政法,专科,公办,,1929,年份=年份,2026/6/15
1935,鹤壁职业技术学院,河南省,河南,鹤壁,,,,综合,专科,公办,,1187,年份=年份,2026/6/15
1936,焦作师范高等专科学校,河南省,河南,焦作,,,,师范,专科,公办,,1921,批次=专科批,2026/6/15
1937,河南检察职业学院,河南省,河南,郑州,,,,政法,专科,公办,,1930,年份=年份,2026/6/15
1938,河南质量工程职业学院,河南省,河南,平顶山,,,,理工,专科,公办,,1931,年份=年份,2026/6/15
1939,郑州信息科技职业学院,河南省,河南,郑州,,,,理工,专科,公办,,1932,年份=年份,2026/6/15
1940,漯河医学高等专科学校,河南省,河南,漯河,,,,医药,专科,公办,,890,批次=专科批,2026/6/15
1941,南阳医学高等专科学校,河南省,河南,南阳,,,,医药,专科,公办,,1502,年份=年份,2026/6/15
1942,商丘医学高等专科学校,河南省,河南,商丘,,,,医药,专科,公办,,1100,批次=专科批,2026/6/15
1943,信阳职业技术学院,河南省,河南,信阳,,,,综合,专科,公办,,1933,批次=专科批,2026/6/15
1944,郑州工业安全职业学院,河南省,河南,郑州,,,,0,专科,公办,,1934,年份=年份,2026/6/15
1945,永城职业学院,河南省,河南,商丘,,,,理工,专科,公办,,1935,年份=2022,2026/6/15
1946,河南经贸职业学院,河南省,河南,郑州,,,,财经,专科,公办,,1936,批次=专科批,2026/6/15
1947,河南交通职业技术学院,河南省,河南,郑州,,,,理工,专科,公办,,1937,批次=专科提前批,2026/6/15
1948,河南农业职业学院,河南省,河南,郑州,,,,农林,专科,公办,,1938,年份=年份,2026/6/15
1949,郑州旅游职业学院,河南省,河南,郑州,,,,综合,专科,公办,,1334,年份=年份,2026/6/15
1950,郑州职业技术学院,河南省,河南,郑州,,,,理工,专科,公办,,1939,年份=年份,2026/6/15
1951,河南信息统计职业学院,河南省,河南,郑州,,,,财经,专科,公办,,3068,年份=年份,2026/6/15
1952,河南林业职业学院,河南省,河南,洛阳,,,,农林,专科,公办,,3361,年份=年份,2026/6/15
1953,河南工业贸易职业学院,河南省,河南,郑州,,,,综合,专科,公办,,1940,年份=年份,2026/6/15
1954,河南建筑职业技术学院,河南省,河南,郑州,,,,理工,专科,公办,,2444,年份=年份,2026/6/15
1955,安阳职业技术学院,河南省,河南,安阳,,,,综合,专科,公办,,2445,批次=专科批,2026/6/15
1956,新乡职业技术学院,河南省,河南,新乡,,,,综合,专科,公办,,2446,年份=年份,2026/6/15
1957,驻马店职业技术学院,河南省,河南,驻马店,,,,理工,专科,公办,,2447,年份=年份,2026/6/15
1958,开封文化艺术职业学院,河南省,河南,开封,,,,艺术,专科,公办,,2674,年份=年份,2026/6/15
1959,河南应用技术职业学院,河南省,河南,郑州,,,,综合,专科,公办,,2671,年份=年份,2026/6/15
1960,河南艺术职业学院,河南省,河南,郑州,,,,艺术,专科,公办,,2672,年份=年份,2026/6/15
1961,河南机电职业学院,河南省,河南,郑州,,,,理工,专科,公办,,2912,年份=年份,2026/6/15
1962,河南护理职业学院,河南省,河南,安阳,,,,医药,专科,公办,,3040,年份=年份,2026/6/15
1963,许昌电气职业学院,河南省,河南,许昌,,,,理工,专科,公办,,2913,年份=年份,2026/6/15
1964,河南推拿职业学院,河南省,河南,洛阳,,,,0,专科,公办,,2969,批次=专科批,2026/6/15
1965,洛阳职业技术学院,河南省,河南,洛阳,,,,综合,专科,公办,,2931,年份=年份,2026/6/15
1966,郑州幼儿师范高等专科学校,河南省,河南,郑州,,,,师范,专科,公办,,3035,年份=年份,2026/6/15
1967,安阳幼儿师范高等专科学校,河南省,河南,安阳,,,,师范,专科,公办,,2907,年份=年份,2026/6/15
1968,河南医学高等专科学校,河南省,河南,郑州,,,,医药,专科,公办,,2638,批次=专科批,2026/6/15
1969,郑州财税金融职业学院,河南省,河南,郑州,,,,财经,专科,公办,,3367,年份=年份,2026/6/15
1970,南阳农业职业学院,河南省,河南,南阳,,,,农林,专科,公办,,3214,批次=专科批,2026/6/15
1971,鹤壁能源化工职业学院,河南省,河南,鹤壁,,,,0,专科,公办,,3370,年份=年份,2026/6/15
1972,濮阳医学高等专科学校,河南省,河南,濮阳,,,,医药,专科,公办,,3362,批次=专科批,2026/6/15
1973,驻马店幼儿师范高等专科学校,河南省,河南,驻马店,,,,师范,专科,公办,,3364,年份=年份,2026/6/15
1974,三门峡社会管理职业学院,河南省,河南,三门峡,,,,综合,专科,公办,,3368,年份=年份,2026/6/15
1976,河南测绘职业学院,河南省,河南,郑州,,,,理工,专科,公办,,3369,批次=专科批,2026/6/15
1977,郑州卫生健康职业学院,河南省,河南,郑州,,,,0,专科,公办,,3371,年份=年份,2026/6/15
1978,河南物流职业学院,河南省,河南,新乡,,,,0,专科,公办,,3366,年份=年份,2026/6/15
1979,河南地矿职业学院,河南省,河南,郑州,,,,0,专科,公办,,3372,批次=专科批,2026/6/15
1980,河南女子职业学院,河南省,河南,新乡,,,,0,专科,公办,,3510,年份=年份,2026/6/15
1981,河南对外经济贸易职业学院,河南省,河南,开封,,,,0,专科,公办,,3511,年份=年份,2026/6/15
1982,濮阳石油化工职业技术学院,河南省,河南,濮阳,,,,0,专科,公办,,3512,年份=年份,2026/6/15
1983,南阳科技职业学院,河南省,河南,南阳,,,,0,专科,公办,,3513,年份=年份,2026/6/15
1984,兰考三农职业学院,河南省,河南,开封,,,,0,专科,公办,,3514,年份=年份,2026/6/15
1985,汝州职业技术学院,河南省,河南,平顶山,,,,0,专科,公办,,3515,年份=年份,2026/6/15
1986,洛阳文化旅游职业学院,河南省,河南,洛阳,,,,0,专科,公办,,3579,年份=年份,2026/6/15
1987,周口文理职业学院,河南省,河南,周口,,,,0,专科,公办,,3580,年份=年份,2026/6/15
1988,信阳艺术职业学院,河南省,河南,信阳,,,,0,专科,公办,,3581,年份=年份,2026/6/15
1989,平顶山职业技术学院,河南省,河南,平顶山,,,,0,专科,公办,,3098,年份=年份,2026/6/15
1990,长江职业学院,湖北省,湖北,武汉,,,,综合,专科,公办,,1106,批次=专科批,2026/6/15
1991,荆州理工职业学院,湖北省,湖北,荆州,,,,理工,专科,公办,,1945,批次=专科批,2026/6/15
1992,湖北工业职业技术学院,湖北省,湖北,十堰,,,,综合,专科,公办,,1946,年份=年份,2026/6/15
1993,鄂州职业大学,湖北省,湖北,鄂州,,,,综合,专科,公办,,808,批次=专科批,2026/6/15
1994,武汉城市职业学院,湖北省,湖北,武汉,,,,综合,专科,公办,,2458,批次=专科批,2026/6/15
1995,湖北职业技术学院,湖北省,湖北,孝感,,,,综合,专科,公办,,810,批次=专科批,2026/6/15
1996,武汉船舶职业技术学院,湖北省,湖北,武汉,,,,理工,专科,公办,,1947,批次=专科提前批,2026/6/15
1997,恩施职业技术学院,湖北省,湖北,恩施,,,,综合,专科,公办,,1948,批次=专科批,2026/6/15
1998,荆州职业技术学院,湖北省,湖北,荆州,,,,综合,专科,公办,,1949,批次=专科批,2026/6/15
1999,武汉工程职业技术学院,湖北省,湖北,武汉,,,,理工,专科,公办,,1413,批次=专科批,2026/6/15
2000,仙桃职业学院,湖北省,湖北,仙桃,,,,综合,专科,公办,,1950,批次=专科批,2026/6/15
2001,湖北轻工职业技术学院,湖北省,湖北,武汉,,,,综合,专科,公办,,1951,批次=专科批,2026/6/15
2002,湖北交通职业技术学院,湖北省,湖北,武汉,,,,理工,专科,公办,,1162,批次=专科提前批,2026/6/15
2003,湖北中医药高等专科学校,湖北省,湖北,荆州,,,,医药,专科,公办,,811,批次=专科批,2026/6/15
2004,武汉航海职业技术学院,湖北省,湖北,武汉,,,,理工,专科,公办,,1016,年份=年份,2026/6/15
2005,武汉铁路职业技术学院,湖北省,湖北,武汉,,,,理工,专科,公办,,1013,批次=专科批,2026/6/15
2006,武汉软件工程职业学院,湖北省,湖北,武汉,,,,理工,专科,公办,,1952,批次=专科批,2026/6/15
2007,湖北三峡职业技术学院,湖北省,湖北,宜昌,,,,综合,专科,公办,,1056,批次=专科批,2026/6/15
2008,随州职业技术学院,湖北省,湖北,随州,,,,综合,专科,公办,,1015,批次=专科批,2026/6/15
2009,武汉电力职业技术学院,湖北省,湖北,武汉,,,,理工,专科,公办,,1953,批次=专科批,2026/6/15
2010,湖北水利水电职业技术学院,湖北省,湖北,武汉,,,,理工,专科,公办,,1074,批次=专科批,2026/6/15
2011,湖北城市建设职业技术学院,湖北省,湖北,武汉,,,,理工,专科,公办,,1068,批次=专科批,2026/6/15
2012,武汉警官职业学院,湖北省,湖北,武汉,,,,政法,专科,公办,,1019,批次=专科批,2026/6/15
2013,湖北生物科技职业学院,湖北省,湖北,武汉,,,,理工,专科,公办,,1954,批次=专科批,2026/6/15
2014,湖北艺术职业学院,湖北省,湖北,武汉,,,,艺术,专科,公办,,1955,年份=2023,2026/6/15
2015,武汉交通职业学院,湖北省,湖北,武汉,,,,理工,专科,公办,,1059,批次=专科提前批,2026/6/15
2016,咸宁职业技术学院,湖北省,湖北,咸宁,,,,综合,专科,公办,,1956,批次=专科批,2026/6/15
2017,长江工程职业技术学院,湖北省,湖北,武汉,,,,理工,专科,公办,,1008,批次=专科批,2026/6/15
2018,江汉艺术职业学院,湖北省,湖北,潜江,,,,综合,专科,公办,,1957,批次=专科批,2026/6/15
2019,武汉民政职业学院,湖北省,湖北,武汉,,,,综合,专科,公办,,915,批次=专科批,2026/6/15
2020,湖北黄冈应急管理职业技术学院,湖北省,湖北,黄冈,,,,0,专科,公办,,1958,年份=年份,2026/6/15
2021,湖北财税职业学院,湖北省,湖北,武汉,,,,财经,专科,公办,,1959,年份=年份,2026/6/15
2022,湖北国土资源职业学院,湖北省,湖北,武汉,,,,理工,专科,公办,,1960,批次=专科批,2026/6/15
2023,湖北生态工程职业技术学院,湖北省,湖北,武汉,,,,综合,专科,公办,,1551,批次=专科批,2026/6/15
2024,三峡电力职业学院,湖北省,湖北,宜昌,,,,理工,专科,公办,,1961,批次=专科批,2026/6/15
2025,湖北科技职业学院,湖北省,湖北,武汉,,,,综合,专科,公办,,1982,批次=专科批,2026/6/15
2026,湖北青年职业学院,湖北省,湖北,武汉,,,,0,专科,公办,,1962,省份=,2026/6/15
2027,湖北工程职业学院,湖北省,湖北,黄石,,,,理工,专科,公办,,2456,年份=年份,2026/6/15
2028,三峡旅游职业技术学院,湖北省,湖北,宜昌,,,,综合,专科,公办,,2457,年份=年份,2026/6/15
2029,天门职业学院,湖北省,湖北,天门,,,,综合,专科,公办,,2927,年份=年份,2026/6/15
2030,湖北体育职业学院,湖北省,湖北,武汉,,,,体育,专科,公办,,2949,年份=年份,2026/6/15
2031,襄阳汽车职业技术学院,湖北省,湖北,襄阳,,,,理工,专科,公办,,2948,年份=年份,2026/6/15
2032,湖北幼儿师范高等专科学校,湖北省,湖北,武汉,,,,师范,专科,公办,,3374,年份=年份,2026/6/15
2033,湖北铁道运输职业学院,湖北省,湖北,武汉,,,,0,专科,公办,,3375,批次=专科批,2026/6/15
2034,武汉海事职业学院,湖北省,湖北,武汉,,,,0,专科,公办,,3376,年份=年份,2026/6/15
2035,荆门职业学院,湖北省,湖北,荆门,,,,0,专科,公办,,3378,年份=年份,2026/6/15
2036,武汉铁路桥梁职业学院,湖北省,湖北,武汉,,,,0,专科,公办,,3288,批次=专科批,2026/6/15
2037,湘中幼儿师范高等专科学校,湖南省,湖南,邵阳,,,,师范,专科,公办,,3297,批次=专科批,2026/6/15
2038,长沙民政职业技术学院,湖南省,湖南,长沙,,,,综合,专科,公办,,1992,批次=专科批,2026/6/15
2039,湖南工业职业技术学院,湖南省,湖南,长沙,,,,理工,专科,公办,,1993,批次=专科批,2026/6/15
2040,株洲师范高等专科学校,湖南省,湖南,株洲,,,,0,专科,公办,,3379,年份=年份,2026/6/15
2041,湖南信息职业技术学院,湖南省,湖南,长沙,,,,理工,专科,公办,,1994,批次=专科批,2026/6/15
2044,长沙航空职业技术学院,空军装备部,湖南,长沙,,,,理工,专科,公办,,1984,批次=专科提前批,2026/6/15
2045,湖南大众传媒职业技术学院,湖南省,湖南,长沙,,,,艺术,专科,公办,,1996,批次=专科批,2026/6/15
2046,永州职业技术学院,湖南省,湖南,永州,,,,综合,专科,公办,,1997,批次=专科批,2026/6/15
2047,湖南铁道职业技术学院,湖南省,湖南,株洲,,,,理工,专科,公办,,1998,批次=专科批,2026/6/15
2048,湖南科技职业学院,湖南省,湖南,长沙,,,,综合,专科,公办,,1999,批次=专科批,2026/6/15
2049,湖南生物机电职业技术学院,湖南省,湖南,长沙,,,,农林,专科,公办,,2464,批次=专科批,2026/6/15
2050,湖南交通职业技术学院,湖南省,湖南,长沙,,,,理工,专科,公办,,2000,批次=专科批,2026/6/15
2051,湖南商务职业技术学院,湖南省,湖南,长沙,,,,财经,专科,公办,,2001,批次=专科批,2026/6/15
2052,湖南体育职业学院,湖南省,湖南,长沙,,,,体育,专科,公办,,2002,批次=专科提前批,2026/6/15
2053,湖南工程职业技术学院,湖南省,湖南,长沙,,,,理工,专科,公办,,2003,批次=专科批,2026/6/15
2054,保险职业学院,湖南省,湖南,长沙,,,,0,专科,公办,,1055,年份=2023,2026/6/15
2055,湖南外贸职业学院,湖南省,湖南,长沙,,,,财经,专科,公办,,2004,年份=2023,2026/6/15
2056,湖南网络工程职业学院,湖南省,湖南,长沙,,,,综合,专科,公办,,2005,批次=专科批,2026/6/15
2057,邵阳职业技术学院,湖南省,湖南,邵阳,,,,综合,专科,公办,,2006,批次=专科批,2026/6/15
2058,湖南司法警官职业学院,湖南省,湖南,长沙,,,,政法,专科,公办,,2007,批次=专科批,2026/6/15
2059,长沙商贸旅游职业技术学院,湖南省,湖南,长沙,,,,综合,专科,公办,,1198,批次=专科批,2026/6/15
2060,湖南环境生物职业技术学院,湖南省,湖南,衡阳,,,,农林,专科,公办,,2008,批次=专科批,2026/6/15
2061,湖南邮电职业技术学院,湖南省,湖南,长沙,,,,理工,专科,公办,,2009,批次=专科批,2026/6/15
2062,湘潭医卫职业技术学院,湖南省,湖南,湘潭,,,,医药,专科,公办,,2010,批次=专科批,2026/6/15
2063,郴州职业技术学院,湖南省,湖南,郴州,,,,综合,专科,公办,,2011,批次=专科批,2026/6/15
2064,娄底职业技术学院,湖南省,湖南,娄底,,,,综合,专科,公办,,2012,批次=专科批,2026/6/15
2065,张家界航空工业职业技术学院,湖南省,湖南,张家界,,,,理工,专科,公办,,2013,批次=专科提前批,2026/6/15
2066,长沙环境保护职业技术学院,湖南省,湖南,长沙,,,,理工,专科,公办,,2014,批次=专科批,2026/6/15
2067,湖南艺术职业学院,湖南省,湖南,长沙,,,,艺术,专科,公办,,2015,年份=年份,2026/6/15
2068,湖南机电职业技术学院,湖南省,湖南,长沙,,,,理工,专科,公办,,2016,批次=专科批,2026/6/15
2069,长沙职业技术学院,湖南省,湖南,长沙,,,,综合,专科,公办,,2017,批次=专科批,2026/6/15
2070,怀化职业技术学院,湖南省,湖南,怀化,,,,综合,专科,公办,,2018,批次=专科批,2026/6/15
2071,岳阳职业技术学院,湖南省,湖南,岳阳,,,,综合,专科,公办,,2019,批次=专科批,2026/6/15
2072,常德职业技术学院,湖南省,湖南,常德,,,,综合,专科,公办,,2020,批次=专科批,2026/6/15
2073,湖南化工职业技术学院,湖南省,湖南,株洲,,,,理工,专科,公办,,2021,批次=专科批,2026/6/15
2074,湖南城建职业技术学院,湖南省,湖南,湘潭,,,,理工,专科,公办,,2022,批次=专科批,2026/6/15
2075,湖南石油化工职业技术学院,湖南省,湖南,岳阳,,,,理工,专科,公办,,2023,批次=专科批,2026/6/15
2076,湖南中医药高等专科学校,湖南省,湖南,株洲,,,,医药,专科,公办,,1988,批次=专科批,2026/6/15
2077,湖南民族职业学院,湖南省,湖南,岳阳,,,,民族,专科,公办,,2024,批次=专科批,2026/6/15
2078,湘西民族职业技术学院,湖南省,湖南,湘西,,,,民族,专科,公办,,2025,批次=专科批,2026/6/15
2079,湖南财经工业职业技术学院,湖南省,湖南,衡阳,,,,综合,专科,公办,,2026,批次=专科批,2026/6/15
2080,益阳职业技术学院,湖南省,湖南,益阳,,,,综合,专科,公办,,2027,批次=专科批,2026/6/15
2081,湖南工艺美术职业学院,湖南省,湖南,益阳,,,,艺术,专科,公办,,2028,年份=年份,2026/6/15
2082,湖南九嶷职业技术学院,湖南省,湖南,永州,,,,0,专科,公办,,2041,批次=专科批,2026/6/15
2083,湖南理工职业技术学院,湖南省,湖南,湘潭,,,,理工,专科,公办,,2029,批次=专科批,2026/6/15
2084,长沙电力职业技术学院,湖南省,湖南,长沙,,,,理工,专科,公办,,2031,批次=专科批,2026/6/15
2085,湖南水利水电职业技术学院,湖南省,湖南,长沙,,,,理工,专科,公办,,2032,批次=专科批,2026/6/15
2086,湖南现代物流职业技术学院,湖南省,湖南,长沙,,,,综合,专科,公办,,2033,批次=专科批,2026/6/15
2087,湖南高速铁路职业技术学院,湖南省,湖南,衡阳,,,,理工,专科,公办,,2034,批次=专科批,2026/6/15
2088,湖南铁路科技职业技术学院,湖南省,湖南,株洲,,,,理工,专科,公办,,2035,年份=2024,2026/6/15
2089,湖南安全技术职业学院,湖南省,湖南,长沙,,,,理工,专科,公办,,2036,批次=专科批,2026/6/15
2090,湖南电气职业技术学院,湖南省,湖南,湘潭,,,,理工,专科,公办,,2037,批次=专科批,2026/6/15
2091,益阳医学高等专科学校,湖南省,湖南,益阳,,,,医药,专科,公办,,1991,批次=专科批,2026/6/15
2092,湖南国防工业职业技术学院,湖南省,湖南,湘潭,,,,理工,专科,公办,,2465,批次=专科提前批,2026/6/15
2093,长沙卫生职业学院,湖南省,湖南,长沙,,,,医药,专科,公办,,3037,批次=专科批,2026/6/15
2094,湖南食品药品职业学院,湖南省,湖南,长沙,,,,医药,专科,公办,,2930,批次=专科批,2026/6/15
2095,湖南有色金属职业技术学院,湖南省,湖南,株洲,,,,理工,专科,公办,,2933,批次=专科批,2026/6/15
2096,湖南幼儿师范高等专科学校,湖南省,湖南,常德,,,,师范,专科,公办,,3110,批次=专科批,2026/6/15
2097,湘南幼儿师范高等专科学校,湖南省,湖南,郴州,,,,师范,专科,公办,,3384,批次=专科批,2026/6/15
2098,湖南劳动人事职业学院,湖南省,湖南,长沙,,,,综合,专科,公办,,3385,年份=年份,2026/6/15
2099,怀化师范高等专科学校,湖南省,湖南,怀化,,,,0,专科,公办,,3467,省份=,2026/6/15
2100,永州师范高等专科学校,湖南省,湖南,永州,,,,0,专科,公办,,3490,批次=专科批,2026/6/15
2101,衡阳幼儿师范高等专科学校,湖南省,湖南,衡阳,,,,0,专科,公办,,3491,批次=专科批,2026/6/15
2102,长沙幼儿师范高等专科学校,湖南省,湖南,长沙,,,,0,专科,公办,,3492,省份=,2026/6/15
2103,广东交通职业技术学院,广东省,广东,广州,,,,理工,专科,公办,,617,批次=专科批,2026/6/15
2104,广东水利电力职业技术学院,广东省,广东,广州,,,,理工,专科,公办,,620,批次=专科批,2026/6/15
2105,广东南华工商职业学院,广东省,广东,广州,,,,财经,专科,公办,,644,批次=专科批,2026/6/15
2106,广州民航职业技术学院,交通运输部（中国民用航空局）,广东,广州,,,,理工,专科,公办,,635,批次=专科批,2026/6/15
2107,广东松山职业技术学院,广东省,广东,韶关,,,,理工,专科,公办,,972,批次=专科批,2026/6/15
2108,广东农工商职业技术学院,广东省,广东,广州,,,,综合,专科,公办,,970,批次=专科批,2026/6/15
2109,佛山职业技术学院,广东省,广东,佛山,,,,综合,专科,公办,,971,批次=专科批,2026/6/15
2110,广东科学技术职业学院,广东省,广东,广州,,,,综合,专科,公办,,1002,批次=专科批,2026/6/15
2111,广东食品药品职业学院,广东省,广东,广州,,,,医药,专科,公办,,2049,批次=专科批,2026/6/15
2112,广东行政职业学院,广东省,广东,广州,,,,综合,专科,公办,,1004,批次=专科批,2026/6/15
2113,广东体育职业技术学院,广东省,广东,广州,,,,体育,专科,公办,,2050,批次=专科批,2026/6/15
2114,广东职业技术学院,广东省,广东,佛山,,,,综合,专科,公办,,612,批次=专科批,2026/6/15
2115,广东建设职业技术学院,广东省,广东,广州,,,,理工,专科,公办,,616,批次=专科批,2026/6/15
2116,广东女子职业技术学院,广东省,广东,广州,,,,综合,专科,公办,,997,批次=专科批,2026/6/15
2117,广东机电职业技术学院,广东省,广东,广州,,,,理工,专科,公办,,615,批次=专科批,2026/6/15
2118,汕尾职业技术学院,广东省,广东,汕尾,,,,综合,专科,公办,,998,批次=专科批,2026/6/15
2119,罗定职业技术学院,广东省,广东,云浮,,,,综合,专科,公办,,641,批次=专科批,2026/6/15
2120,阳江职业技术学院,广东省,广东,阳江,,,,综合,专科,公办,,994,批次=专科批,2026/6/15
2121,河源职业技术学院,广东省,广东,河源,,,,综合,专科,公办,,993,批次=专科批,2026/6/15
2122,广东邮电职业技术学院,广东省,广东,广州,,,,理工,专科,公办,,983,批次=专科批,2026/6/15
2123,汕头职业技术学院,广东省,广东,汕头,,,,综合,专科,公办,,645,批次=专科批,2026/6/15
2124,揭阳职业技术学院,广东省,广东,揭阳,,,,综合,专科,公办,,640,批次=专科批,2026/6/15
2125,清远职业技术学院,广东省,广东,清远,,,,综合,专科,公办,,984,批次=专科批,2026/6/15
2126,广东工贸职业技术学院,广东省,广东,广州,,,,理工,专科,公办,,613,批次=专科批,2026/6/15
2127,广东司法警官职业学院,广东省,广东,广州,,,,政法,专科,公办,,980,批次=专科批,2026/6/15
2128,广东省外语艺术职业学院,广东省,广东,广州,,,,综合,专科,公办,,619,批次=专科批,2026/6/15
2129,广东文艺职业学院,广东省,广东,广州,,,,艺术,专科,公办,,630,批次=专科批,2026/6/15
2130,广州体育职业技术学院,广东省,广东,广州,,,,体育,专科,公办,,979,批次=专科批,2026/6/15
2131,广州工程技术职业学院,广东省,广东,广州,,,,综合,专科,公办,,632,批次=专科批,2026/6/15
2132,中山火炬职业技术学院,广东省,广东,中山,,,,理工,专科,公办,,648,批次=专科批,2026/6/15
2133,江门职业技术学院,广东省,广东,江门,,,,综合,专科,公办,,988,批次=专科批,2026/6/15
2134,茂名职业技术学院,广东省,广东,茂名,,,,理工,专科,公办,,642,批次=专科批,2026/6/15
2135,珠海城市职业技术学院,广东省,广东,珠海,,,,综合,专科,公办,,987,批次=专科批,2026/6/15
2136,广东理工职业学院,广东省,广东,广州,,,,理工,专科,公办,,992,批次=专科批,2026/6/15
2137,广州城市职业学院,广东省,广东,广州,,,,综合,专科,公办,,981,批次=专科批,2026/6/15
2138,广东工程职业技术学院,广东省,广东,广州,,,,理工,专科,公办,,991,批次=专科批,2026/6/15
2139,广州铁路职业技术学院,广东省,广东,广州,,,,理工,专科,公办,,638,批次=专科批,2026/6/15
2140,广东科贸职业学院,广东省,广东,广州,,,,综合,专科,公办,,2051,批次=专科批,2026/6/15
2141,广州科技贸易职业学院,广东省,广东,广州,,,,综合,专科,公办,,2052,批次=专科批,2026/6/15
2142,中山职业技术学院,广东省,广东,中山,,,,综合,专科,公办,,2053,批次=专科批,2026/6/15
2143,东莞职业技术学院,广东省,广东,东莞,,,,理工,专科,公办,,2684,批次=专科批,2026/6/15
2144,广东环境保护工程职业学院,广东省,广东,佛山,,,,理工,专科,公办,,2683,批次=专科批,2026/6/15
2145,广东青年职业学院,广东省,广东,广州,,,,综合,专科,公办,,2945,年份=2021,2026/6/15
2146,广东艺术职业学院,广东省,广东,广州,,,,0,专科,公办,,2943,批次=专科批,2026/6/15
2147,惠州卫生职业技术学院,广东省,广东,惠州,,,,0,专科,公办,,2947,批次=专科提前批,2026/6/15
2148,广东生态工程职业学院,广东省,广东,广州,,,,综合,专科,公办,,3240,批次=专科批,2026/6/15
2149,惠州城市职业学院,广东省,广东,惠州,,,,综合,专科,公办,,3220,批次=专科批,2026/6/15
2150,广东茂名健康职业学院,广东省,广东,茂名,,,,0,专科,公办,,3237,批次=专科提前批,2026/6/15
2151,广东茂名幼儿师范专科学校,广东省,广东,茂名,,,,师范,专科,公办,,3239,批次=专科批,2026/6/15
2152,广州卫生职业技术学院,广东省,广东,广州,,,,医药,专科,公办,,3213,批次=专科提前批,2026/6/15
2153,惠州工程职业学院,广东省,广东,惠州,,,,0,专科,公办,,3326,批次=专科批,2026/6/15
2154,广东江门中医药职业学院,广东省,广东,江门,,,,医药,专科,公办,,3325,批次=专科提前批,2026/6/15
2155,广东茂名农林科技职业学院,广东省,广东,茂名,,,,0,专科,公办,,3451,批次=专科批,2026/6/15
2156,广东江门幼儿师范高等专科学校,广东省,广东,江门,,,,0,专科,公办,,3468,批次=专科批,2026/6/15
2157,广东财贸职业学院,广东省,广东,清远,,,,0,专科,公办,,3469,批次=专科批,2026/6/15
2158,广州幼儿师范高等专科学校,广东省,广东,广州,,,,0,专科,公办,,3566,批次=专科批,2026/6/15
2159,广东汕头幼儿师范高等专科学校,广东省,广东,汕头,,,,0,专科,公办,,3585,批次=专科批,2026/6/15
2160,广东梅州职业技术学院,广东省,广东,梅州,,,,0,专科,公办,,3586,批次=专科批,2026/6/15
2161,广东潮州卫生健康职业学院,广东省,广东,潮州,,,,0,专科,公办,,3587,批次=专科批,2026/6/15
2162,广东云浮中医药职业学院,广东省,广东,云浮,,,,0,专科,公办,,3588,批次=专科批,2026/6/15
2163,湛江幼儿师范专科学校,广东省,广东,湛江,,,,0,专科,公办,,3236,批次=专科批,2026/6/15
2164,广西机电职业技术学院,广西壮族自治区,广西,南宁,,,,理工,专科,公办,,1735,批次=专科批,2026/6/15
2165,广西体育高等专科学校,广西壮族自治区,广西,南宁,,,,0,专科,公办,,1728,年份=年份,2026/6/15
2166,广西水利电力职业技术学院,广西壮族自治区,广西,南宁,,,,理工,专科,公办,,1737,批次=专科批,2026/6/15
2167,广西职业技术学院,广西壮族自治区,广西,南宁,,,,综合,专科,公办,,1738,年份=2023,2026/6/15
2168,广西生态工程职业技术学院,广西壮族自治区,广西,柳州,,,,综合,专科,公办,,1740,批次=专科批,2026/6/15
2169,广西交通职业技术学院,广西壮族自治区,广西,南宁,,,,理工,专科,公办,,1741,批次=专科批,2026/6/15
2170,广西工业职业技术学院,广西壮族自治区,广西,南宁,,,,综合,专科,公办,,1742,批次=专科批,2026/6/15
2171,广西国际商务职业技术学院,广西壮族自治区,广西,南宁,,,,财经,专科,公办,,1743,批次=专科批,2026/6/15
2172,柳州铁道职业技术学院,广西壮族自治区,广西,柳州,,,,理工,专科,公办,,1745,批次=专科批,2026/6/15
2173,广西建设职业技术学院,广西壮族自治区,广西,南宁,,,,理工,专科,公办,,1746,批次=专科批,2026/6/15
2174,广西现代职业技术学院,广西壮族自治区,广西,河池,,,,综合,专科,公办,,2686,年份=年份,2026/6/15
2175,北海职业学院,广西壮族自治区,广西,北海,,,,综合,专科,公办,,1749,批次=专科批,2026/6/15
2176,广西经贸职业技术学院,广西壮族自治区,广西,南宁,,,,财经,专科,公办,,1750,年份=年份,2026/6/15
2177,广西工商职业技术学院,广西壮族自治区,广西,南宁,,,,财经,专科,公办,,1751,年份=年份,2026/6/15
2178,广西电力职业技术学院,广西壮族自治区,广西,南宁,,,,理工,专科,公办,,1752,批次=专科批,2026/6/15
2179,柳州城市职业学院,广西壮族自治区,广西,柳州,,,,综合,专科,公办,,1753,批次=专科批,2026/6/15
2180,百色职业学院,广西壮族自治区,广西,百色,,,,0,专科,公办,,1754,年份=年份,2026/6/15
2181,梧州职业学院,广西壮族自治区,广西,梧州,,,,综合,专科,公办,,2374,批次=专科批,2026/6/15
2182,广西幼儿师范高等专科学校,广西壮族自治区,广西,南宁,,,,师范,专科,公办,,2365,批次=专科批,2026/6/15
2183,广西卫生职业技术学院,广西壮族自治区,广西,南宁,,,,医药,专科,公办,,2687,批次=专科批,2026/6/15
2184,广西金融职业技术学院,广西壮族自治区,广西,南宁,,,,财经,专科,公办,,3218,批次=专科批,2026/6/15
2185,广西安全工程职业技术学院,广西壮族自治区,广西,南宁,,,,0,专科,公办,,3324,批次=专科批,2026/6/15
2186,广西自然资源职业技术学院,广西壮族自治区,广西,崇左,,,,0,专科,公办,,3470,批次=专科批,2026/6/15
2187,钦州幼儿师范高等专科学校,广西壮族自治区,广西,钦州,,,,0,专科,公办,,3493,批次=专科批,2026/6/15
2188,广西制造工程职业技术学院,广西壮族自治区,广西,南宁,,,,0,专科,公办,,3521,年份=2021,2026/6/15
2189,广西物流职业技术学院,广西壮族自治区,广西,贵港,,,,0,专科,公办,,3522,批次=专科批,2026/6/15
2190,防城港职业技术学院,广西壮族自治区,广西,防城港,,,,0,专科,公办,,3590,年份=年份,2026/6/15
2191,广西信息职业技术学院,广西壮族自治区,广西,南宁,,,,0,专科,公办,,3591,批次=专科批,2026/6/15
2192,广西农业工程职业技术学院,广西壮族自治区,广西,崇左,,,,0,专科,公办,,3592,批次=专科批,2026/6/15
2193,崇左幼儿师范高等专科学校,广西壮族自治区,广西,崇左,,,,0,专科,公办,,3048,批次=专科批,2026/6/15
2194,海南职业技术学院,海南省,海南,海口,,,,综合,专科,公办,,1382,批次=专科批,2026/6/15
2195,海南软件职业技术学院,海南省,海南,琼海,,,,理工,专科,公办,,1390,批次=专科批,2026/6/15
2196,海南政法职业学院,海南省,海南,海口,,,,政法,专科,公办,,2290,年份=2023,2026/6/15
2197,海南外国语职业学院,海南省,海南,文昌,,,,语言,专科,公办,,2291,批次=专科批,2026/6/15
2199,海南体育职业技术学院,海南省,海南,海口,,,,0,专科,公办,,3269,年份=2024,2026/6/15
2200,海南卫生健康职业学院,海南省,海南,海口,,,,0,专科,公办,,3485,批次=专科批,2026/6/15
2201,重庆航天职业技术学院,重庆市,重庆,重庆,,,,理工,专科,公办,,1481,批次=专科提前批,2026/6/15
2202,重庆电力高等专科学校,重庆市,重庆,重庆,,,,理工,专科,公办,,1479,批次=专科批,2026/6/15
2203,重庆三峡职业学院,重庆市,重庆,重庆,,,,综合,专科,公办,,1487,年份=年份,2026/6/15
2204,重庆工贸职业技术学院,重庆市,重庆,重庆,,,,理工,专科,公办,,1480,年份=年份,2026/6/15
2205,重庆城市管理职业学院,重庆市,重庆,重庆,,,,综合,专科,公办,,2080,批次=专科批,2026/6/15
2207,重庆城市职业学院,重庆市,重庆,重庆,,,,综合,专科,公办,,1486,年份=年份,2026/6/15
2208,重庆水利电力职业技术学院,重庆市,重庆,重庆,,,,理工,专科,公办,,1484,批次=专科批,2026/6/15
2209,重庆工商职业学院,重庆市,重庆,重庆,,,,综合,专科,公办,,1496,批次=专科批,2026/6/15
2210,重庆三峡医药高等专科学校,重庆市,重庆,重庆,,,,医药,专科,公办,,1495,批次=专科批,2026/6/15
2211,重庆医药高等专科学校,重庆市,重庆,重庆,,,,医药,专科,公办,,1491,年份=年份,2026/6/15
2212,重庆青年职业技术学院,重庆市,重庆,重庆,,,,综合,专科,公办,,1494,年份=年份,2026/6/15
2213,重庆财经职业学院,重庆市,重庆,重庆,,,,财经,专科,公办,,1483,批次=专科批,2026/6/15
2214,重庆建筑工程职业学院,重庆市,重庆,重庆,,,,理工,专科,公办,,1490,年份=年份,2026/6/15
2215,重庆商务职业学院,重庆市,重庆,重庆,,,,财经,专科,公办,,1592,年份=年份,2026/6/15
2216,重庆化工职业学院,重庆市,重庆,重庆,,,,理工,专科,公办,,2699,批次=专科批,2026/6/15
2217,重庆旅游职业学院,重庆市,重庆,重庆,,,,综合,专科,公办,,2690,年份=年份,2026/6/15
2218,重庆安全技术职业学院,重庆市,重庆,重庆,,,,0,专科,公办,,2915,年份=年份,2026/6/15
2219,重庆幼儿师范高等专科学校,重庆市,重庆,重庆,,,,师范,专科,公办,,3062,批次=专科批,2026/6/15
2220,重庆文化艺术职业学院,重庆市,重庆,重庆,,,,艺术,专科,公办,,3076,年份=年份,2026/6/15
2221,重庆工信职业学院,重庆市,重庆,重庆,,,,0,专科,公办,,3594,年份=年份,2026/6/15
2222,四川电力职业技术学院,四川省,四川,成都,,,,理工,专科,公办,,779,年份=年份,2026/6/15
2223,成都职业技术学院,四川省,四川,成都,,,,综合,专科,公办,,774,年份=年份,2026/6/15
2224,四川化工职业技术学院,四川省,四川,泸州,,,,理工,专科,公办,,797,批次=专科批,2026/6/15
2225,四川水利职业技术学院,四川省,四川,成都,,,,理工,专科,公办,,802,批次=专科批,2026/6/15
2226,南充职业技术学院,四川省,四川,南充,,,,综合,专科,公办,,794,年份=年份,2026/6/15
2227,内江职业技术学院,四川省,四川,内江,,,,综合,专科,公办,,2083,年份=年份,2026/6/15
2228,四川航天职业技术学院,四川省,四川,成都,,,,理工,专科,公办,,796,批次=专科批,2026/6/15
2229,四川邮电职业技术学院,四川省,四川,成都,,,,理工,专科,公办,,805,批次=专科提前批,2026/6/15
2230,四川机电职业技术学院,四川省,四川,攀枝花,,,,理工,专科,公办,,799,年份=年份,2026/6/15
2231,绵阳职业技术学院,四川省,四川,绵阳,,,,综合,专科,公办,,778,批次=专科批,2026/6/15
2232,四川交通职业技术学院,四川省,四川,成都,,,,综合,专科,公办,,800,批次=专科批,2026/6/15
2233,四川工商职业技术学院,四川省,四川,成都,,,,综合,专科,公办,,780,批次=专科批,2026/6/15
2234,达州职业技术学院,四川省,四川,达州,,,,综合,专科,公办,,791,年份=年份,2026/6/15
2235,成都农业科技职业学院,四川省,四川,成都,,,,综合,专科,公办,,772,年份=年份,2026/6/15
2236,宜宾职业技术学院,四川省,四川,宜宾,,,,综合,专科,公办,,2084,年份=年份,2026/6/15
2237,泸州职业技术学院,四川省,四川,泸州,,,,综合,专科,公办,,775,批次=专科批,2026/6/15
2238,眉山职业技术学院,四川省,四川,眉山,,,,综合,专科,公办,,777,年份=年份,2026/6/15
2239,四川职业技术学院,四川省,四川,遂宁,,,,综合,专科,公办,,789,批次=专科批,2026/6/15
2240,乐山职业技术学院,四川省,四川,乐山,,,,综合,专科,公办,,776,年份=年份,2026/6/15
2241,雅安职业技术学院,四川省,四川,雅安,,,,综合,专科,公办,,790,批次=专科批,2026/6/15
2242,四川商务职业学院,四川省,四川,成都,,,,财经,专科,公办,,2085,年份=年份,2026/6/15
2243,四川司法警官职业学院,四川省,四川,德阳,,,,政法,专科,公办,,803,年份=年份,2026/6/15
2244,广安职业技术学院,四川省,四川,广安,,,,综合,专科,公办,,792,年份=年份,2026/6/15
2245,四川信息职业技术学院,四川省,四川,广元,,,,理工,专科,公办,,804,年份=年份,2026/6/15
2246,四川铁道职业学院,四川省,四川,成都,,,,理工,专科,公办,,2086,批次=专科批,2026/6/15
2247,四川艺术职业学院,四川省,四川,成都,,,,艺术,专科,公办,,2087,年份=年份,2026/6/15
2248,四川中医药高等专科学校,四川省,四川,绵阳,,,,医药,专科,公办,,2082,批次=专科批,2026/6/15
2249,四川文化产业职业学院,四川省,四川,成都,,,,综合,专科,公办,,1278,年份=2022,2026/6/15
2250,四川财经职业学院,四川省,四川,成都,,,,财经,专科,公办,,2088,年份=年份,2026/6/15
2251,四川幼儿师范高等专科学校,四川省,四川,绵阳,,,,师范,专科,公办,,2492,年份=年份,2026/6/15
2252,川北幼儿师范高等专科学校,四川省,四川,广元,,,,师范,专科,公办,,2920,年份=年份,2026/6/15
2253,四川卫生康复职业学院,四川省,四川,自贡,,,,医药,专科,公办,,2919,批次=专科批,2026/6/15
2254,川南幼儿师范高等专科学校,四川省,四川,内江,,,,师范,专科,公办,,3203,年份=年份,2026/6/15
2255,四川护理职业学院,四川省,四川,德阳,,,,医药,专科,公办,,3186,年份=年份,2026/6/15
2256,成都工业职业技术学院,四川省,四川,成都,,,,综合,专科,公办,,3204,年份=年份,2026/6/15
2257,成都工贸职业技术学院,四川省,四川,成都,,,,综合,专科,公办,,3193,年份=年份,2026/6/15
2258,西昌民族幼儿师范高等专科学校,四川省,四川,凉山,,,,0,专科,公办,,3392,年份=年份,2026/6/15
2259,阿坝职业学院,四川省,四川,阿坝,,,,0,专科,公办,,3400,年份=年份,2026/6/15
2260,达州中医药职业学院,四川省,四川,达州,,,,0,专科,公办,,3433,年份=年份,2026/6/15
2261,内江卫生与健康职业学院,四川省,四川,内江,,,,0,专科,公办,,3434,年份=年份,2026/6/15
2262,南充文化旅游职业学院,四川省,四川,南充,,,,0,专科,公办,,3526,批次=专科批,2026/6/15
2263,甘孜职业学院,四川省,四川,甘孜,,,,0,专科,公办,,3595,年份=年份,2026/6/15
2264,四川体育职业学院,四川省,四川,成都,,,,0,专科,公办,,3401,省份=,2026/6/15
2265,黔南民族医学高等专科学校,贵州省,贵州,黔南,,,,医药,专科,公办,,1561,批次=专科批,2026/6/15
2266,贵州航天职业技术学院,贵州省,贵州,遵义,,,,理工,专科,公办,,2268,批次=专科批,2026/6/15
2267,贵州电子信息职业技术学院,贵州省,贵州,黔东南,,,,理工,专科,公办,,2269,批次=专科批,2026/6/15
2268,安顺职业技术学院,贵州省,贵州,安顺,,,,综合,专科,公办,,1567,年份=年份,2026/6/15
2269,黔东南民族职业技术学院,贵州省,贵州,黔东南,,,,综合,专科,公办,,1572,批次=专科批,2026/6/15
2270,黔南民族职业技术学院,贵州省,贵州,黔南,,,,综合,专科,公办,,2270,年份=年份,2026/6/15
2271,遵义职业技术学院,贵州省,贵州,遵义,,,,综合,专科,公办,,1562,批次=专科批,2026/6/15
2272,贵州工业职业技术学院,贵州省,贵州,贵阳,,,,理工,专科,公办,,2567,年份=年份,2026/6/15
2274,六盘水职业技术学院,贵州省,贵州,六盘水,,,,综合,专科,公办,,1563,批次=专科批,2026/6/15
2275,黔西南民族职业技术学院,贵州省,贵州,黔西南,,,,综合,专科,公办,,2272,批次=专科批,2026/6/15
2276,遵义医药高等专科学校,贵州省,贵州,遵义,,,,医药,专科,公办,,1451,批次=专科批,2026/6/15
2277,贵阳职业技术学院,贵州省,贵州,贵阳,,,,综合,专科,公办,,1590,年份=年份,2026/6/15
2278,毕节职业技术学院,贵州省,贵州,毕节,,,,综合,专科,公办,,2568,年份=年份,2026/6/15
2279,贵州职业技术学院,贵州省,贵州,贵阳,,,,综合,专科,公办,,2569,年份=年份,2026/6/15
2280,贵阳幼儿师范高等专科学校,贵州省,贵州,贵阳,,,,师范,专科,公办,,3225,年份=年份,2026/6/15
2281,铜仁幼儿师范高等专科学校,贵州省,贵州,铜仁,,,,师范,专科,公办,,3229,年份=年份,2026/6/15
2282,黔南民族幼儿师范高等专科学校,贵州省,贵州,黔南,,,,师范,专科,公办,,3302,年份=年份,2026/6/15
2283,毕节医学高等专科学校,贵州省,贵州,毕节,,,,医药,专科,公办,,3235,批次=专科批,2026/6/15
2284,贵州建设职业技术学院,贵州省,贵州,贵阳,,,,理工,专科,公办,,3197,年份=年份,2026/6/15
2285,毕节幼儿师范高等专科学校,贵州省,贵州,毕节,,,,0,专科,公办,,3306,年份=年份,2026/6/15
2286,贵州农业职业学院,贵州省,贵州,贵阳,,,,综合,专科,公办,,3234,年份=年份,2026/6/15
2287,贵州水利水电职业技术学院,贵州省,贵州,贵阳,,,,理工,专科,公办,,3233,年份=年份,2026/6/15
2288,贵州电子商务职业技术学院,贵州省,贵州,贵阳,,,,0,专科,公办,,3298,年份=年份,2026/6/15
2289,贵州电子科技职业学院,贵州省,贵州,贵阳,,,,理工,专科,公办,,3290,年份=年份,2026/6/15
2290,贵州装备制造职业学院,贵州省,贵州,贵阳,,,,0,专科,公办,,3301,年份=年份,2026/6/15
2291,贵州健康职业学院,贵州省,贵州,铜仁,,,,0,专科,公办,,3307,批次=专科批,2026/6/15
2292,贵州食品工程职业学院,贵州省,贵州,贵阳,,,,0,专科,公办,,3300,年份=年份,2026/6/15
2293,贵州经贸职业技术学院,贵州省,贵州,黔南,,,,0,专科,公办,,3303,批次=专科批,2026/6/15
2294,贵州护理职业技术学院,贵州省,贵州,黔南,,,,0,专科,公办,,3299,年份=年份,2026/6/15
2295,六盘水幼儿师范高等专科学校,贵州省,贵州,六盘水,,,,0,专科,公办,,3308,批次=专科批,2026/6/15
2296,毕节工业职业技术学院,贵州省,贵州,毕节,,,,0,专科,公办,,3305,年份=年份,2026/6/15
2297,贵州机电职业技术学院,贵州省,贵州,黔南,,,,0,专科,公办,,3531,批次=专科批,2026/6/15
2298,贵州财经职业学院,贵州省,贵州,贵阳,,,,0,专科,公办,,3532,年份=年份,2026/6/15
2299,贵州文化旅游职业学院,贵州省,贵州,贵阳,,,,0,专科,公办,,3597,批次=专科批,2026/6/15
2300,贵州航空职业技术学院,贵州省,贵州,贵阳,,,,理工,专科,公办,,3415,年份=年份,2026/6/15
2301,云南国土资源职业学院,云南省,云南,昆明,,,,理工,专科,公办,,2166,批次=专科批,2026/6/15
2302,云南交通职业技术学院,云南省,云南,昆明,,,,理工,专科,公办,,2167,年份=年份,2026/6/15
2303,昆明工业职业技术学院,云南省,云南,昆明,,,,理工,专科,公办,,2168,年份=年份,2026/6/15
2304,云南农业职业技术学院,云南省,云南,昆明,,,,农林,专科,公办,,2169,年份=年份,2026/6/15
2305,云南司法警官职业学院,云南省,云南,昆明,,,,政法,专科,公办,,2170,年份=年份,2026/6/15
2306,云南文化艺术职业学院,云南省,云南,昆明,,,,艺术,专科,公办,,2171,年份=年份,2026/6/15
2307,云南体育运动职业技术学院,云南省,云南,昆明,,,,体育,专科,公办,,2172,年份=年份,2026/6/15
2308,西双版纳职业技术学院,云南省,云南,西双版纳,,,,综合,专科,公办,,2173,批次=专科批,2026/6/15
2309,玉溪农业职业技术学院,云南省,云南,玉溪,,,,农林,专科,公办,,2174,批次=专科批,2026/6/15
2310,云南能源职业技术学院,云南省,云南,曲靖,,,,理工,专科,公办,,2175,年份=年份,2026/6/15
2311,云南国防工业职业技术学院,云南省,云南,昆明,,,,理工,专科,公办,,2177,年份=年份,2026/6/15
2312,云南机电职业技术学院,云南省,云南,昆明,,,,理工,专科,公办,,2178,年份=年份,2026/6/15
2313,云南林业职业技术学院,云南省,云南,昆明,,,,农林,专科,公办,,2179,批次=专科批,2026/6/15
2314,楚雄医药高等专科学校,云南省,云南,楚雄,,,,医药,专科,公办,,1399,批次=专科批,2026/6/15
2315,保山中医药高等专科学校,云南省,云南,保山,,,,医药,专科,公办,,2162,年份=年份,2026/6/15
2316,云南锡业职业技术学院,云南省,云南,红河,,,,理工,专科,公办,,2180,年份=年份,2026/6/15
2317,德宏职业学院,云南省,云南,德宏,,,,综合,专科,公办,,2522,年份=年份,2026/6/15
2318,云南现代职业技术学院,云南省,云南,楚雄,,,,0,专科,公办,,3087,年份=年份,2026/6/15
2319,云南旅游职业学院,云南省,云南,昆明,,,,综合,专科,公办,,3088,年份=年份,2026/6/15
2320,红河卫生职业学院,云南省,云南,红河,,,,医药,专科,公办,,3112,年份=年份,2026/6/15
2321,大理农林职业技术学院,云南省,云南,大理,,,,农林,专科,公办,,3123,年份=年份,2026/6/15
2322,公安消防部队高等专科学校,应急管理部,云南,昆明,,,,政法,专科,公办,,3403,省份=,2026/6/15
2323,云南财经职业学院,云南省,云南,昆明,,,,财经,专科,公办,,3280,年份=年份,2026/6/15
2324,昆明铁道职业技术学院,云南省,云南,昆明,,,,理工,专科,公办,,3321,批次=专科批,2026/6/15
2325,昭通卫生职业学院,云南省,云南,昭通,,,,0,专科,公办,,3319,年份=年份,2026/6/15
2326,大理护理职业学院,云南省,云南,大理,,,,0,专科,公办,,3322,年份=年份,2026/6/15
2327,云南水利水电职业学院,云南省,云南,昆明,,,,理工,专科,公办,,3323,批次=专科批,2026/6/15
2328,云南轻纺职业学院,云南省,云南,昆明,,,,0,专科,公办,,3404,年份=年份,2026/6/15
2329,云南特殊教育职业学院,云南省,云南,昆明,,,,0,专科,公办,,3405,年份=年份,2026/6/15
2330,云南工贸职业技术学院,云南省,云南,昆明,,,,综合,专科,公办,,3406,年份=年份,2026/6/15
2331,云南交通运输职业学院,云南省,云南,昆明,,,,综合,专科,公办,,3320,年份=2024,2026/6/15
2332,昆明幼儿师范高等专科学校,云南省,云南,昆明,,,,0,专科,公办,,3456,年份=年份,2026/6/15
2333,曲靖职业技术学院,云南省,云南,曲靖,,,,0,专科,公办,,3472,年份=年份,2026/6/15
2334,红河职业技术学院,云南省,云南,红河,,,,0,专科,公办,,3539,年份=年份,2026/6/15
2335,西藏警官高等专科学校,西藏自治区,西藏,拉萨,,,,政法,专科,公办,,1916,年份=年份,2026/6/15
2336,西藏职业技术学院,西藏自治区,西藏,拉萨,,,,综合,专科,公办,,1918,批次=专科批,2026/6/15
2337,西安电力高等专科学校,陕西省,陕西,西安,,,,理工,专科,公办,,2231,年份=年份,2026/6/15
2338,陕西能源职业技术学院,陕西省,陕西,咸阳,,,,理工,专科,公办,,2234,年份=年份,2026/6/15
2339,陕西国防工业职业技术学院,陕西省,陕西,西安,,,,理工,专科,公办,,2235,年份=年份,2026/6/15
2340,西安航空职业技术学院,陕西省,陕西,西安,,,,理工,专科,公办,,2236,批次=专科批,2026/6/15
2341,陕西财经职业技术学院,陕西省,陕西,咸阳,,,,财经,专科,公办,,2237,年份=年份,2026/6/15
2342,陕西交通职业技术学院,陕西省,陕西,西安,,,,理工,专科,公办,,1383,批次=专科批,2026/6/15
2343,陕西职业技术学院,陕西省,陕西,西安,,,,综合,专科,公办,,2238,年份=年份,2026/6/15
2344,陕西铁路工程职业技术学院,陕西省,陕西,渭南,,,,理工,专科,公办,,2239,批次=专科批,2026/6/15
2345,宝鸡职业技术学院,陕西省,陕西,宝鸡,,,,综合,专科,公办,,2240,年份=年份,2026/6/15
2346,陕西航空职业技术学院,陕西省,陕西,汉中,,,,理工,专科,公办,,1128,年份=年份,2026/6/15
2347,陕西邮电职业技术学院,陕西省,陕西,咸阳,,,,理工,专科,公办,,2241,年份=年份,2026/6/15
2348,陕西经济管理职业技术学院,陕西省,陕西,西安,,,,0,专科,公办,,1146,省份=,2026/6/15
2349,西安铁路职业技术学院,陕西省,陕西,西安,,,,理工,专科,公办,,2242,批次=专科批,2026/6/15
2350,咸阳职业技术学院,陕西省,陕西,咸阳,,,,综合,专科,公办,,2243,年份=年份,2026/6/15
2351,西安职业技术学院,陕西省,陕西,西安,,,,综合,专科,公办,,2244,年份=年份,2026/6/15
2352,商洛职业技术学院,陕西省,陕西,商洛,,,,综合,专科,公办,,2245,年份=年份,2026/6/15
2353,汉中职业技术学院,陕西省,陕西,汉中,,,,综合,专科,公办,,2246,年份=年份,2026/6/15
2354,延安职业技术学院,陕西省,陕西,延安,,,,综合,专科,公办,,2247,年份=年份,2026/6/15
2355,渭南职业技术学院,陕西省,陕西,渭南,,,,综合,专科,公办,,2248,年份=年份,2026/6/15
2356,安康职业技术学院,陕西省,陕西,安康,,,,综合,专科,公办,,2249,年份=年份,2026/6/15
2357,铜川职业技术学院,陕西省,陕西,铜川,,,,综合,专科,公办,,2250,年份=年份,2026/6/15
2358,陕西青年职业学院,陕西省,陕西,西安,,,,综合,专科,公办,,1127,批次=专科批,2026/6/15
2359,陕西工商职业学院,陕西省,陕西,西安,,,,综合,专科,公办,,2694,批次=专科批,2026/6/15
2360,榆林职业技术学院,陕西省,陕西,榆林,,,,理工,专科,公办,,2693,年份=年份,2026/6/15
2361,陕西艺术职业学院,陕西省,陕西,西安,,,,艺术,专科,公办,,3097,年份=年份,2026/6/15
2362,神木职业技术学院,陕西省,陕西,榆林,,,,0,专科,公办,,3473,年份=年份,2026/6/15
2363,陕西机电职业技术学院,陕西省,陕西,宝鸡,,,,理工,专科,公办,,3258,年份=年份,2026/6/15
2364,定西师范高等专科学校,甘肃省,甘肃,定西,,,,0,专科,公办,,1708,年份=年份,2026/6/15
2365,甘肃建筑职业技术学院,甘肃省,甘肃,兰州,,,,理工,专科,公办,,1712,年份=年份,2026/6/15
2366,兰州职业技术学院,甘肃省,甘肃,兰州,,,,综合,专科,公办,,1714,年份=年份,2026/6/15
2367,甘肃交通职业技术学院,甘肃省,甘肃,兰州,,,,理工,专科,公办,,1719,年份=年份,2026/6/15
2368,甘肃农业职业技术学院,甘肃省,甘肃,兰州,,,,农林,专科,公办,,1721,年份=年份,2026/6/15
2369,甘肃畜牧工程职业技术学院,甘肃省,甘肃,武威,,,,农林,专科,公办,,1722,年份=年份,2026/6/15
2370,甘肃钢铁职业技术学院,甘肃省,甘肃,嘉峪关,,,,理工,专科,公办,,1723,年份=年份,2026/6/15
2371,甘肃有色冶金职业技术学院,甘肃省,甘肃,金昌,,,,理工,专科,公办,,2952,年份=年份,2026/6/15
2372,白银矿冶职业技术学院,甘肃省,甘肃,白银,,,,理工,专科,公办,,3128,年份=年份,2026/6/15
2373,甘肃卫生职业学院,甘肃省,甘肃,兰州,,,,医药,专科,公办,,3154,年份=年份,2026/6/15
2374,庆阳职业技术学院,甘肃省,甘肃,庆阳,,,,0,专科,公办,,3257,年份=年份,2026/6/15
2375,临夏现代职业学院,甘肃省,甘肃,临夏,,,,0,专科,公办,,3294,年份=年份,2026/6/15
2376,兰州现代职业学院,甘肃省,甘肃,兰州,,,,综合,专科,公办,,3289,年份=年份,2026/6/15
2377,平凉职业技术学院,甘肃省,甘肃,平凉,,,,综合,专科,公办,,3295,年份=年份,2026/6/15
2378,培黎职业学院,甘肃省,甘肃,张掖,,,,0,专科,公办,,3536,年份=年份,2026/6/15
2379,兰州航空职业技术学院,甘肃省,甘肃,兰州,,,,0,专科,公办,,3600,年份=年份,2026/6/15
2380,甘肃财贸职业学院,甘肃省,甘肃,兰州,,,,财经,专科,公办,,3292,年份=年份,2026/6/15
2381,青海卫生职业技术学院,青海省,青海,西宁,,,,医药,专科,公办,,2278,年份=年份,2026/6/15
2382,青海警官职业学院,青海省,青海,西宁,,,,政法,专科,公办,,2279,年份=年份,2026/6/15
2383,青海农牧科技职业学院,青海省,青海,西宁,,,,农林,专科,公办,,2280,年份=年份,2026/6/15
2384,青海建筑职业技术学院,青海省,青海,西宁,,,,理工,专科,公办,,1568,年份=年份,2026/6/15
2385,西宁城市职业技术学院,青海省,青海,西宁,,,,综合,专科,公办,,3314,年份=年份,2026/6/15
2386,青海高等职业技术学院,青海省,青海,海东,,,,综合,专科,公办,,3313,年份=年份,2026/6/15
2387,青海柴达木职业技术学院,青海省,青海,海西,,,,0,专科,公办,,3312,年份=年份,2026/6/15
2388,宁夏民族职业技术学院,宁夏回族自治区,宁夏,吴忠,,,,综合,专科,公办,,2281,年份=年份,2026/6/15
2389,宁夏工业职业学院,宁夏回族自治区,宁夏,银川,,,,0,专科,公办,,2282,年份=年份,2026/6/15
2390,宁夏财经职业技术学院,宁夏回族自治区,宁夏,银川,,,,财经,专科,公办,,2285,年份=年份,2026/6/15
2391,宁夏警官职业学院,宁夏回族自治区,宁夏,银川,,,,政法,专科,公办,,2286,年份=年份,2026/6/15
2392,宁夏建设职业技术学院,宁夏回族自治区,宁夏,银川,,,,理工,专科,公办,,2287,年份=年份,2026/6/15
2393,宁夏葡萄酒与防沙治沙职业技术学院,宁夏回族自治区,宁夏,银川,,,,0,专科,公办,,3099,年份=年份,2026/6/15
2394,宁夏幼儿师范高等专科学校,宁夏回族自治区,宁夏,银川,,,,师范,专科,公办,,3409,年份=年份,2026/6/15
2395,宁夏艺术职业学院,宁夏回族自治区,宁夏,银川,,,,0,专科,公办,,3410,年份=年份,2026/6/15
2396,宁夏体育职业学院,宁夏回族自治区,宁夏,银川,,,,0,专科,公办,,3411,年份=年份,2026/6/15
2397,石嘴山工贸职业技术学院,宁夏回族自治区,宁夏,石嘴山,,,,0,专科,公办,,3535,年份=年份,2026/6/15
2398,乌鲁木齐职业技术学院,新疆维吾尔自治区,新疆,乌鲁木齐,,,,0,专科,公办,,3736,年份=年份,2026/6/15
2399,克拉玛依职业技术学院,新疆维吾尔自治区,新疆,克拉玛依,,,,理工,专科,公办,,2071,年份=年份,2026/6/15
2400,新疆机电职业技术学院,新疆维吾尔自治区,新疆,乌鲁木齐,,,,0,专科,公办,,1389,省份=,2026/6/15
2401,新疆轻工职业技术学院,新疆维吾尔自治区,新疆,乌鲁木齐,,,,理工,专科,公办,,1335,年份=年份,2026/6/15
2402,昌吉职业技术学院,新疆维吾尔自治区,新疆,昌吉,,,,理工,专科,公办,,1541,年份=年份,2026/6/15
2403,伊犁职业技术学院,新疆维吾尔自治区,新疆,伊犁,,,,农林,专科,公办,,2073,年份=年份,2026/6/15
2404,阿克苏职业技术学院,新疆维吾尔自治区,新疆,阿克苏,,,,综合,专科,公办,,2074,年份=年份,2026/6/15
2405,巴音郭楞职业技术学院,新疆维吾尔自治区,新疆,巴音郭楞,,,,综合,专科,公办,,2075,年份=年份,2026/6/15
2406,新疆建设职业技术学院,新疆维吾尔自治区,新疆,乌鲁木齐,,,,理工,专科,公办,,1392,年份=年份,2026/6/15
2407,新疆石河子职业技术学院,新疆生产建设兵团,新疆,石河子,,,,综合,专科,公办,,2076,年份=年份,2026/6/15
2408,新疆职业大学,新疆维吾尔自治区,新疆,乌鲁木齐,,,,综合,专科,公办,,2486,年份=年份,2026/6/15
2409,新疆体育职业技术学院,新疆维吾尔自治区,新疆,乌鲁木齐,,,,0,专科,公办,,2911,年份=年份,2026/6/15
2410,新疆应用职业技术学院,新疆维吾尔自治区,新疆,伊犁,,,,综合,专科,公办,,2958,年份=年份,2026/6/15
2411,新疆师范高等专科学校,新疆维吾尔自治区,新疆,乌鲁木齐,,,,师范,专科,公办,,3051,年份=年份,2026/6/15
2412,新疆铁道职业技术学院,新疆维吾尔自治区,新疆,乌鲁木齐,,,,理工,专科,公办,,3092,年份=年份,2026/6/15
2413,新疆生产建设兵团兴新职业技术学院,新疆生产建设兵团,新疆,乌鲁木齐,,,,0,专科,公办,,3318,年份=年份,2026/6/15
2414,哈密职业技术学院,新疆维吾尔自治区,新疆,哈密,,,,0,专科,公办,,3315,年份=年份,2026/6/15
2415,吐鲁番职业技术学院,新疆维吾尔自治区,新疆,吐鲁番,,,,综合,专科,公办,,3316,年份=2023,2026/6/15
2416,博尔塔拉职业技术学院,新疆维吾尔自治区,新疆,博尔塔拉,,,,0,专科,公办,,3317,年份=年份,2026/6/15
2417,和田职业技术学院,新疆维吾尔自治区,新疆,和田,,,,0,专科,公办,,3454,批次=专科批,2026/6/15
2418,石河子工程职业技术学院,新疆生产建设兵团,新疆,石河子,,,,0,专科,公办,,3424,年份=年份,2026/6/15
2419,喀什职业技术学院,新疆维吾尔自治区,新疆,喀什,,,,理工,专科,公办,,3438,批次=专科批,2026/6/15
2420,克孜勒苏职业技术学院,新疆维吾尔自治区,新疆,克孜勒苏,,,,0,专科,公办,,3475,年份=年份,2026/6/15
2421,阿勒泰职业技术学院,新疆维吾尔自治区,新疆,阿勒泰,,,,0,专科,公办,,3477,年份=年份,2026/6/15
2422,塔城职业技术学院,新疆维吾尔自治区,新疆,塔城,,,,0,专科,公办,,3534,批次=专科批,2026/6/15
2423,塔里木职业技术学院,新疆生产建设兵团,新疆,阿拉尔,,,,0,专科,公办,,3533,年份=年份,2026/6/15
2424,新疆工业职业技术学院,新疆维吾尔自治区,新疆,乌鲁木齐,,,,综合,专科,公办,,3304,年份=年份,2026/6/15
2425,铁门关职业技术学院,新疆生产建设兵团,新疆,铁门关,,,,0,专科,公办,,3455,年份=年份,2026/6/15
2426,重庆五一职业技术学院,重庆市,重庆,重庆,,,,0,专科,公办,,3607,年份=年份,2026/6/15
2427,河北资源环境职业技术学院,河北省,河北,石家庄,,,,0,专科,公办,,2859,年份=年份,2026/6/15
2428,常州幼儿师范高等专科学校,江苏省,江苏,常州,,,,0,专科,公办,,3614,年份=年份,2026/6/15
2429,益阳师范高等专科学校,湖南省,湖南,益阳,,,,0,专科,公办,,3608,年份=年份,2026/6/15
2430,娄底幼儿师范高等专科学校,湖南省,湖南,娄底,,,,0,专科,公办,,3615,年份=年份,2026/6/15
2431,吕梁师范高等专科学校,山西省,山西,吕梁,,,,0,专科,公办,,3618,年份=年份,2026/6/15
2432,南阳工艺美术职业学院,河南省,河南,南阳,,,,0,专科,公办,,3664,年份=年份,2026/6/15
2433,濮阳科技职业学院,河南省,河南,濮阳,,,,0,专科,公办,,3665,年份=年份,2026/6/15
2434,商丘幼儿师范高等专科学校,河南省,河南,商丘,,,,0,专科,公办,,3666,年份=年份,2026/6/15
2435,周口理工职业学院,河南省,河南,周口,,,,0,专科,公办,,3629,年份=年份,2026/6/15
2436,上海科创职业技术学院,上海市,上海,上海,,,,0,专科,公办,,3619,年份=年份,2026/6/15
2437,上海闵行职业技术学院,上海市,上海,上海,,,,0,专科,公办,,3623,年份=年份,2026/6/15
2438,上海现代化工职业学院,上海市,上海,上海,,,,0,专科,公办,,3617,年份=年份,2026/6/15
2439,上海建设管理职业技术学院,上海市,上海,上海,,,,0,专科,公办,,3616,年份=年份,2026/6/15
2440,玉溪职业技术学院,云南省,云南,玉溪,,,,0,专科,公办,,3620,年份=年份,2026/6/15
2441,保山职业学院,云南省,云南,保山,,,,0,专科,公办,,3621,年份=年份,2026/6/15
2442,昭通职业学院,云南省,云南,昭通,,,,0,专科,公办,,3622,年份=年份,2026/6/15
2443,衡水健康科技职业学院,河北省,河北,衡水,,,,0,专科,公办,,3657,年份=年份,2026/6/15
2444,秦皇岛工业职业技术学院,河北省,河北,秦皇岛,,,,0,专科,公办,,3632,批次=专科批,2026/6/15
2445,贵州体育职业学院,贵州省,贵州,贵阳,,,,0,专科,公办,,3655,省份=,2026/6/15
2446,文山职业技术学院,云南省,云南,文山,,,,0,专科,公办,,3660,年份=年份,2026/6/15
2447,丽江职业技术学院,云南省,云南,丽江,,,,0,专科,公办,,3659,年份=年份,2026/6/15
2448,香格里拉职业学院,云南省,云南,迪庆,,,,0,专科,公办,,3661,年份=年份,2026/6/15
2449,宁夏卫生健康职业技术学院,宁夏回族自治区,宁夏,石嘴山,,,,0,专科,公办,,3633,年份=年份,2026/6/15
2450,新疆司法警官职业学院,新疆维吾尔自治区,新疆,乌鲁木齐,,,,0,专科,公办,,3679,年份=年份,2026/6/15
2451,阿克苏工业职业技术学院,新疆维吾尔自治区,新疆,阿克苏,,,,0,专科,公办,,3680,年份=年份,2026/6/15
2452,吉安幼儿师范高等专科学校,江西省,江西,吉安,,,,0,专科,公办,,3637,批次=专科批,2026/6/15
2453,上饶卫生健康职业学院,江西省,江西,上饶,,,,0,专科,公办,,3639,批次=专科批,2026/6/15
2454,山东城市服务职业学院,山东省,山东,烟台,,,,0,专科,公办,,3641,年份=年份,2026/6/15
2455,常德科技职业技术学院,湖南省,湖南,常德,,,,0,专科,公办,,3644,年份=年份,2026/6/15
2456,邵阳工业职业技术学院,湖南省,湖南,邵阳,,,,0,专科,公办,,3646,批次=专科批,2026/6/15
2457,广西质量工程职业技术学院,广西壮族自治区,广西,南宁,,,,0,专科,公办,,3609,批次=专科批,2026/6/15
2458,定西职业技术学院,甘肃省,甘肃,定西,,,,0,专科,公办,,3652,年份=年份,2026/6/15
2459,喀什理工职业技术学院,新疆维吾尔自治区,新疆,喀什,,,,0,专科,公办,,3653,批次=专科批,2026/6/15
2460,图木舒克职业技术学院,新疆生产建设兵团,新疆,图木舒克,,,,0,专科,公办,,3654,年份=年份,2026/6/15
2461,可克达拉职业技术学院,新疆生产建设兵团,新疆,可克达拉,,,,0,专科,公办,,3640,年份=年份,2026/6/15
2462,新星职业技术学院,新疆生产建设兵团,新疆,新星,,,,0,专科,公办,,3638,年份=年份,2026/6/15
2463,昆玉职业技术学院,新疆生产建设兵团,新疆,昆玉,,,,0,专科,公办,,3636,年份=年份,2026/6/15
2464,襄阳科技职业学院,湖北省,湖北,襄阳,,,,0,专科,公办,,3672,年份=年份,2026/6/15
2465,宜昌科技职业学院,湖北省,湖北,宜昌,,,,0,专科,公办,,3631,年份=年份,2026/6/15
2466,上海浦东职业技术学院,上海市,上海,上海,,,,0,专科,公办,,3684,年份=年份,2026/6/15
2467,江苏司法警官职业学院,江苏省,江苏,南京,,,,0,专科,公办,,3694,年份=年份,2026/6/15
2468,深圳城市职业学院,广东省,广东,深圳,,,,0,专科,公办,,3685,批次=专科批,2026/6/15
2470,贵州传媒职业学院,贵州省,贵州,贵阳,,,,0,专科,公办,,3693,批次=专科批,2026/6/15
2471,贵州生态能源职业学院,贵州省,贵州,贵阳,,,,0,专科,公办,,3700,年份=年份,2026/6/15
2472,黔东南理工职业学院,贵州省,贵州,黔东南,,,,0,专科,公办,,3701,批次=专科批,2026/6/15
2473,盐城农业科技职业学院,江苏省,江苏,盐城,,,,0,专科,公办,,3716,年份=年份,2026/6/15
2474,宿迁幼儿师范高等专科学校,江苏省,江苏,宿迁,,,,0,专科,公办,,3717,年份=年份,2026/6/15
2475,无锡师范高等专科学校,江苏省,江苏,无锡,,,,0,专科,公办,,3718,年份=年份,2026/6/15
2476,烟台卫生健康职业学院,山东省,山东,烟台,,,,0,专科,公办,,3689,年份=年份,2026/6/15
2477,山东文化艺术职业学院,山东省,山东,德州,,,,0,专科,公办,,3691,年份=年份,2026/6/15
2478,驻马店农业工程职业学院,河南省,河南,驻马店,,,,0,专科,公办,,3723,年份=年份,2026/6/15
2479,荆门通用航空职业技术学院,湖北省,湖北,荆门,,,,0,专科,公办,,3715,年份=年份,2026/6/15
2480,怀化工商职业技术学院,湖南省,湖南,怀化,,,,0,专科,公办,,3725,省份=,2026/6/15
2481,湘潭科技职业学院,湖南省,湖南,湘潭,,,,0,专科,公办,,3726,省份=,2026/6/15
2482,玉林职业技术学院,广西壮族自治区,广西,玉林,,,,0,专科,公办,,3732,年份=年份,2026/6/15
2483,广西智能制造职业技术学院,广西壮族自治区,广西,柳州,,,,0,专科,公办,,3733,年份=年份,2026/6/15
2484,海口旅游职业学院,海南省,海南,海口,,,,0,专科,公办,,3734,批次=专科批,2026/6/15
2485,海南艺术职业学院,海南省,海南,海口,,,,0,专科,公办,,3735,省份=,2026/6/15
2486,西昌医学高等专科学校,四川省,四川,西昌,,,,0,专科,公办,,3730,年份=年份,2026/6/15
2487,怒江职业技术学院,云南省,云南,怒江,,,,0,专科,公办,,3712,年份=年份,2026/6/15
2488,临沧职业学院,云南省,云南,临沧,,,,0,专科,公办,,3713,年份=年份,2026/6/15
2489,云南工业信息职业学院,云南省,云南,曲靖,,,,0,专科,公办,,3714,年份=年份,2026/6/15
2490,双河职业技术学院,新疆生产建设兵团,新疆,双河,,,,0,专科,公办,,3708,年份=年份,2026/6/15
2491,江西电子信息职业技术学院,江西省,江西,,,,,,专科,公办,,3760,年份=年份,2026/6/15
2492,四平现代职业学院,吉林省,吉林,四平,,,,,专科,公办,,3770,年份=年份,2026/6/15
2493,常州铁道职业技术学院,江苏省,江苏,常州,,,,,专科,公办,,3785,年份=年份,2026/6/15
2494,苏州旅游职业学院,江苏省,江苏,苏州,,,,,专科,公办,,3786,年份=年份,2026/6/15
2495,南通卫生健康职业学院,江苏省,江苏,南通,,,,,专科,公办,,3767,年份=年份,2026/6/15
2496,六安应用科技职业学院,安徽省,安徽,六安,,,,,专科,公办,,3788,年份=年份,2026/6/15
2497,集美工业职业学院,福建省,福建,厦门,,,,,专科,公办,,3766,年份=年份,2026/6/15
2498,九江卫生健康职业学院,江西省,江西,九江,,,,,专科,公办,,3789,年份=年份,2026/6/15
2499,新余职业技术学院,江西省,江西,新余,,,,,专科,公办,,3790,年份=年份,2026/6/15
2500,聊城科技职业学院,山东省,山东,聊城,,,,,专科,公办,,3793,年份=年份,2026/6/15
2501,重庆农业职业学院,重庆市,重庆,重庆,,,,,专科,公办,,3805,年份=年份,2026/6/15
2502,宜宾工业职业技术学院,四川省,四川,宜宾,,,,,专科,公办,,3763,年份=年份,2026/6/15
2503,宜宾医药健康职业学院,四川省,四川,宜宾,,,,,专科,公办,,3764,年份=年份,2026/6/15
2504,日喀则职业技术学院,西藏自治区,西藏,日喀则,,,,,专科,公办,,3808,年份=年份,2026/6/15
2505,阜康职业技术学院,新疆维吾尔自治区,新疆,昌吉,,,,,专科,公办,,3809,年份=年份,2026/6/15
2506,北京北大方正软件职业技术学院,北京市教委,北京,北京,,,,0,专科,民办,,912,年份=年份,2026/6/15
2507,北京经贸职业学院,北京市教委,北京,北京,,,,0,专科,民办,,824,年份=年份,2026/6/15
2508,北京经济技术职业学院,北京市教委,北京,北京,,,,0,专科,民办,,887,年份=年份,2026/6/15
2509,北京汇佳职业学院,北京市教委,北京,北京,,,,0,专科,民办,,823,年份=年份,2026/6/15
2510,北京科技经营管理学院,北京市教委,北京,北京,,,,0,专科,民办,,825,年份=年份,2026/6/15
2511,北京科技职业学院,北京市教委,北京,北京,,,,综合,专科,民办,,821,年份=年份,2026/6/15
2512,北京培黎职业学院,北京市教委,北京,北京,,,,0,专科,民办,,820,批次=专科批,2026/6/15
2513,北京艺术传媒职业学院,北京市教委,北京,北京,,,,0,专科,民办,,2641,年份=年份,2026/6/15
2514,北京网络职业学院,北京市教委,北京,北京,,,,0,专科,民办,,3216,年份=年份,2026/6/15
2515,天津滨海汽车工程职业学院,天津市教委,天津,天津,,,,0,专科,民办,,3331,年份=年份,2026/6/15
2516,石家庄工程职业学院,河北省教育厅,河北,石家庄,,,,理工,专科,民办,,750,年份=年份,2026/6/15
2517,石家庄城市经济职业学院,河北省教育厅,河北,石家庄,,,,0,专科,民办,,3332,批次=专科批,2026/6/15
2518,石家庄财经职业学院,河北省教育厅,河北,石家庄,,,,财经,专科,民办,,754,年份=年份,2026/6/15
2519,石家庄工商职业学院,河北省教育厅,河北,石家庄,,,,0,专科,民办,,751,年份=年份,2026/6/15
2520,石家庄理工职业学院,河北省教育厅,河北,石家庄,,,,0,专科,民办,,2311,批次=专科批,2026/6/15
2521,石家庄科技信息职业学院,河北省教育厅,河北,石家庄,,,,理工,专科,民办,,728,批次=专科批,2026/6/15
2522,石家庄医学高等专科学校,河北省教育厅,河北,石家庄,,,,医药,专科,民办,,1445,批次=专科批,2026/6/15
2523,石家庄经济职业学院,河北省教育厅,河北,石家庄,,,,综合,专科,民办,,2853,年份=年份,2026/6/15
2524,石家庄人民医学高等专科学校,河北省教育厅,河北,石家庄,,,,0,专科,民办,,2309,批次=专科批,2026/6/15
2525,石家庄科技职业学院,河北省教育厅,河北,石家庄,,,,0,专科,民办,,2310,年份=年份,2026/6/15
2526,渤海理工职业学院,河北省教育厅,河北,沧州,,,,0,专科,民办,,3124,年份=年份,2026/6/15
2527,曹妃甸职业技术学院,河北省教育厅,河北,唐山,,,,0,专科,民办,,3274,年份=年份,2026/6/15
2528,唐山海运职业学院,河北省教育厅,河北,唐山,,,,0,专科,民办,,3496,年份=年份,2026/6/15
2529,邢台应用技术职业学院,河北省教育厅,河北,邢台,,,,0,专科,民办,,3571,年份=年份,2026/6/15
2530,山西信息职业技术学院,山西省教育厅,山西,临汾,,,,0,专科,民办,,1666,年份=年份,2026/6/15
2531,山西同文职业技术学院,山西省教育厅,山西,晋中,,,,0,专科,民办,,1667,年份=年份,2026/6/15
2532,山西华澳商贸职业学院,山西省教育厅,山西,晋中,,,,0,专科,民办,,1670,年份=年份,2026/6/15
2533,山西老区职业技术学院,山西省教育厅,山西,太原,,,,0,专科,民办,,1340,年份=年份,2026/6/15
2534,内蒙古丰州职业学院,内蒙古自治区教育厅,内蒙古,呼和浩特,,,,0,专科,民办,,1637,年份=年份,2026/6/15
2535,内蒙古科技职业学院,内蒙古自治区教育厅,内蒙古,呼和浩特,,,,0,专科,民办,,1633,年份=年份,2026/6/15
2536,内蒙古北方职业技术学院,内蒙古自治区教育厅,内蒙古,呼和浩特,,,,0,专科,民办,,1636,年份=年份,2026/6/15
2537,赤峰职业技术学院,内蒙古自治区教育厅,内蒙古,赤峰,,,,0,专科,民办,,1635,省份=,2026/6/15
2538,内蒙古经贸外语职业学院,内蒙古自治区教育厅,内蒙古,呼和浩特,,,,0,专科,民办,,1634,省份=,2026/6/15
2540,内蒙古能源职业学院,内蒙古自治区教育厅,内蒙古,呼和浩特,,,,0,专科,民办,,2935,年份=年份,2026/6/15
2541,内蒙古美术职业学院,内蒙古自治区教育厅,内蒙古,巴彦淖尔,,,,0,专科,民办,,2939,年份=年份,2026/6/15
2542,大连商务职业学院,辽宁省教育厅,辽宁,大连,,,,0,专科,民办,,860,省份=,2026/6/15
2543,辽宁广告职业学院,辽宁省教育厅,辽宁,沈阳,,,,0,专科,民办,,1704,年份=年份,2026/6/15
2544,大连软件职业学院,辽宁省教育厅,辽宁,大连,,,,0,专科,民办,,1698,年份=年份,2026/6/15
2545,大连翻译职业学院,辽宁省教育厅,辽宁,大连,,,,0,专科,民办,,1699,省份=,2026/6/15
2546,大连枫叶职业技术学院,辽宁省教育厅,辽宁,大连,,,,0,专科,民办,,1700,年份=年份,2026/6/15
2547,大连航运职业技术学院,辽宁省教育厅,辽宁,大连,,,,0,专科,民办,,2354,年份=年份,2026/6/15
2548,大连装备制造职业技术学院,辽宁省教育厅,辽宁,大连,,,,0,专科,民办,,2356,年份=年份,2026/6/15
2549,大连汽车职业技术学院,辽宁省教育厅,辽宁,大连,,,,0,专科,民办,,2357,年份=年份,2026/6/15
2550,沈阳北软信息职业技术学院,辽宁省教育厅,辽宁,沈阳,,,,0,专科,民办,,3063,年份=年份,2026/6/15
2552,长春信息技术职业学院,吉林省教育厅,吉林,长春,,,,0,专科,民办,,1623,年份=年份,2026/6/15
2553,吉林科技职业技术学院,吉林省教育厅,吉林,长春,,,,0,专科,民办,,2657,年份=年份,2026/6/15
2554,吉林城市职业技术学院,吉林省教育厅,吉林,长春,,,,0,专科,民办,,2910,年份=年份,2026/6/15
2555,吉林职业技术学院,吉林省教育厅,吉林,延边,,,,0,专科,民办,,3337,年份=年份,2026/6/15
2556,长春健康职业学院,吉林省教育厅,吉林,长春,,,,0,专科,民办,,3260,批次=专科批,2026/6/15
2557,长春早期教育职业学院,吉林省教育厅,吉林,长春,,,,0,专科,民办,,3501,年份=年份,2026/6/15
2558,梅河口康美职业技术学院,吉林省教育厅,吉林,通化,,,,0,专科,民办,,3541,年份=年份,2026/6/15
2559,哈尔滨传媒职业学院,黑龙江省教育厅,黑龙江,哈尔滨,,,,0,专科,民办,,3083,批次=专科批,2026/6/15
2560,哈尔滨城市职业学院,黑龙江省教育厅,黑龙江,哈尔滨,,,,0,专科,民办,,2200,年份=年份,2026/6/15
2561,黑龙江三江美术职业学院,黑龙江省教育厅,黑龙江,佳木斯,,,,0,专科,民办,,740,年份=年份,2026/6/15
2562,哈尔滨应用职业技术学院,黑龙江省教育厅,黑龙江,哈尔滨,,,,0,专科,民办,,2199,年份=年份,2026/6/15
2563,齐齐哈尔理工职业学院,黑龙江省教育厅,黑龙江,齐齐哈尔,,,,0,专科,民办,,2849,年份=年份,2026/6/15
2564,哈尔滨北方航空职业技术学院,黑龙江省教育厅,黑龙江,哈尔滨,,,,0,专科,民办,,3420,年份=年份,2026/6/15
2565,上海东海职业技术学院,上海市教委,上海,上海,,,,综合,专科,民办,,669,批次=专科批,2026/6/15
2566,上海工商职业技术学院,上海市教委,上海,上海,,,,综合,专科,民办,,685,批次=专科批,2026/6/15
2567,上海震旦职业学院,上海市教委,上海,上海,,,,综合,专科,民办,,668,批次=专科批,2026/6/15
2568,上海民远职业技术学院,上海市教委,上海,上海,,,,0,专科,民办,,1726,年份=年份,2026/6/15
2569,上海欧华职业技术学院,上海市教委,上海,上海,,,,0,专科,民办,,1522,省份=,2026/6/15
2570,上海思博职业技术学院,上海市教委,上海,上海,,,,0,专科,民办,,683,批次=专科批,2026/6/15
2571,上海济光职业技术学院,上海市教委,上海,上海,,,,0,专科,民办,,674,批次=专科批,2026/6/15
2572,上海工商外国语职业学院,上海市教委,上海,上海,,,,语言,专科,民办,,1727,批次=专科批,2026/6/15
2573,上海邦德职业技术学院,上海市教委,上海,上海,,,,0,专科,民办,,662,批次=专科批,2026/6/15
2574,上海电影艺术职业学院,上海市教委,上海,上海,,,,艺术,专科,民办,,1724,年份=年份,2026/6/15
2575,上海中华职业技术学院,上海市教委,上海,上海,,,,0,专科,民办,,3351,年份=年份,2026/6/15
2576,明达职业技术学院,江苏省教育厅,江苏,盐城,,,,0,专科,民办,,2557,批次=专科批,2026/6/15
2577,九州职业技术学院,江苏省教育厅,江苏,徐州,,,,0,专科,民办,,2226,批次=专科批,2026/6/15
2578,硅湖职业技术学院,江苏省教育厅,江苏,苏州,,,,0,专科,民办,,2225,年份=年份,2026/6/15
2579,应天职业技术学院,江苏省教育厅,江苏,南京,,,,0,专科,民办,,2224,年份=年份,2026/6/15
2580,苏州托普信息职业技术学院,江苏省教育厅,江苏,苏州,,,,0,专科,民办,,2223,年份=2023,2026/6/15
2581,太湖创意职业技术学院,江苏省教育厅,江苏,无锡,,,,0,专科,民办,,2227,批次=专科批,2026/6/15
2582,炎黄职业技术学院,江苏省教育厅,江苏,淮安,,,,0,专科,民办,,933,批次=专科批,2026/6/15
2583,正德职业技术学院,江苏省教育厅,江苏,南京,,,,0,专科,民办,,2228,年份=年份,2026/6/15
2584,钟山职业技术学院,江苏省教育厅,江苏,南京,,,,0,专科,民办,,1154,年份=年份,2026/6/15
2585,无锡南洋职业技术学院,江苏省教育厅,江苏,无锡,,,,综合,专科,民办,,1597,年份=年份,2026/6/15
2586,江南影视艺术职业学院,江苏省教育厅,江苏,无锡,,,,艺术,专科,民办,,1453,年份=年份,2026/6/15
2587,金肯职业技术学院,江苏省教育厅,江苏,南京,,,,0,专科,民办,,1397,批次=专科批,2026/6/15
2588,建东职业技术学院,江苏省教育厅,江苏,常州,,,,0,专科,民办,,1192,年份=年份,2026/6/15
2589,江海职业技术学院,江苏省教育厅,江苏,扬州,,,,0,专科,民办,,1459,年份=年份,2026/6/15
2590,金山职业技术学院,江苏省教育厅,江苏,镇江,,,,0,专科,民办,,1199,年份=2023,2026/6/15
2591,昆山登云科技职业学院,江苏省教育厅,江苏,苏州,,,,0,专科,民办,,2229,年份=年份,2026/6/15
2592,南京视觉艺术职业学院,江苏省教育厅,江苏,南京,,,,艺术,专科,民办,,2230,批次=专科批,2026/6/15
2593,苏州高博职业学院,江苏省教育厅,江苏,苏州,,,,0,专科,民办,,2559,年份=2024,2026/6/15
2594,宿迁泽达职业技术学院,江苏省教育厅,江苏,宿迁,,,,0,专科,民办,,2663,年份=年份,2026/6/15
2595,扬州中瑞酒店职业学院,江苏省教育厅,江苏,扬州,,,,0,专科,民办,,3344,批次=专科批,2026/6/15
2596,浙江育英职业技术学院,浙江省教育厅,浙江,杭州,,,,0,专科,民办,,1793,年份=年份,2026/6/15
2597,绍兴职业技术学院,浙江省教育厅,浙江,绍兴,,,,综合,专科,民办,,1792,年份=年份,2026/6/15
2598,浙江东方职业技术学院,浙江省教育厅,浙江,温州,,,,综合,专科,民办,,1798,年份=年份,2026/6/15
2599,浙江长征职业技术学院,浙江省教育厅,浙江,杭州,,,,0,专科,民办,,1795,年份=年份,2026/6/15
2600,嘉兴南洋职业技术学院,浙江省教育厅,浙江,嘉兴,,,,综合,专科,民办,,1797,年份=年份,2026/6/15
2601,杭州万向职业技术学院,浙江省教育厅,浙江,杭州,,,,0,专科,民办,,1796,年份=年份,2026/6/15
2602,浙江汽车职业技术学院,浙江省教育厅,浙江,台州,,,,0,专科,民办,,2403,年份=年份,2026/6/15
2603,浙江横店影视职业学院,浙江省教育厅,浙江,金华,,,,0,专科,民办,,1354,年份=年份,2026/6/15
2604,浙江宇翔职业技术学院,浙江省教育厅,浙江,湖州,,,,0,专科,民办,,3502,年份=年份,2026/6/15
2605,浙江金华科贸职业技术学院,浙江省教育厅,浙江,金华,,,,0,专科,民办,,3575,年份=年份,2026/6/15
2606,民办万博科技职业学院,安徽省教育厅,安徽,合肥,,,,0,专科,民办,,1849,年份=年份,2026/6/15
2607,民办合肥经济技术职业学院,安徽省教育厅,安徽,合肥,,,,财经,专科,民办,,1852,年份=年份,2026/6/15
2608,民办合肥滨湖职业技术学院,安徽省教育厅,安徽,合肥,,,,0,专科,民办,,2419,年份=年份,2026/6/15
2609,阜阳科技职业学院,安徽省教育厅,安徽,阜阳,,,,0,专科,民办,,1854,年份=年份,2026/6/15
2610,民办合肥财经职业学院,安徽省教育厅,安徽,合肥,,,,财经,专科,民办,,1853,年份=年份,2026/6/15
2611,安徽涉外经济职业学院,安徽省教育厅,安徽,合肥,,,,0,专科,民办,,1566,省份=,2026/6/15
2612,安徽绿海商务职业学院,安徽省教育厅,安徽,合肥,,,,0,专科,民办,,1851,年份=年份,2026/6/15
2613,合肥共达职业技术学院,安徽省教育厅,安徽,合肥,,,,0,专科,民办,,1850,年份=年份,2026/6/15
2614,蚌埠经济技术职业学院,安徽省教育厅,安徽,蚌埠,,,,0,专科,民办,,1857,年份=年份,2026/6/15
2615,民办安徽旅游职业学院,安徽省教育厅,安徽,阜阳,,,,0,专科,民办,,2417,省份=,2026/6/15
2616,安徽现代信息工程职业学院,安徽省教育厅,安徽,淮南,,,,0,专科,民办,,2420,年份=年份,2026/6/15
2617,安徽矿业职业技术学院,安徽省教育厅,安徽,淮北,,,,0,专科,民办,,2416,年份=年份,2026/6/15
2618,合肥信息技术职业学院,安徽省教育厅,安徽,合肥,,,,0,专科,民办,,2418,年份=年份,2026/6/15
2619,安徽扬子职业技术学院,安徽省教育厅,安徽,芜湖,,,,0,专科,民办,,2923,年份=年份,2026/6/15
2620,合肥科技职业学院,安徽省教育厅,安徽,合肥,,,,0,专科,民办,,3066,年份=年份,2026/6/15
2621,黄山健康职业学院,安徽省教育厅,安徽,黄山,,,,0,专科,民办,,3503,年份=年份,2026/6/15
2622,宿州航空职业学院,安徽省教育厅,安徽,宿州,,,,0,专科,民办,,3576,年份=年份,2026/6/15
2623,福建华南女子职业学院,福建省教育厅,福建,福州,,,,0,专科,民办,,1899,批次=专科批,2026/6/15
2624,福州英华职业学院,福建省教育厅,福建,福州,,,,0,专科,民办,,1896,批次=专科批,2026/6/15
2625,泉州纺织服装职业学院,福建省教育厅,福建,泉州,,,,0,专科,民办,,1898,批次=专科批,2026/6/15
2626,泉州华光职业学院,福建省教育厅,福建,泉州,,,,综合,专科,民办,,1912,批次=专科批,2026/6/15
2627,福州黎明职业技术学院,福建省教育厅,福建,福州,,,,0,专科,民办,,1556,年份=年份,2026/6/15
2628,厦门演艺职业学院,福建省教育厅,福建,厦门,,,,0,专科,民办,,1900,年份=年份,2026/6/15
2629,厦门华天涉外职业技术学院,福建省教育厅,福建,厦门,,,,0,专科,民办,,1186,批次=专科批,2026/6/15
2630,福州科技职业技术学院,福建省教育厅,福建,福州,,,,0,专科,民办,,1915,年份=年份,2026/6/15
2631,福州软件职业技术学院,福建省教育厅,福建,福州,,,,综合,专科,民办,,1914,批次=专科批,2026/6/15
2632,厦门兴才职业技术学院,福建省教育厅,福建,厦门,,,,0,专科,民办,,1908,批次=专科批,2026/6/15
2633,厦门软件职业技术学院,福建省教育厅,福建,厦门,,,,0,专科,民办,,1907,批次=专科批,2026/6/15
2634,厦门南洋职业学院,福建省教育厅,福建,厦门,,,,综合,专科,民办,,1904,批次=专科批,2026/6/15
2635,厦门东海职业技术学院,福建省教育厅,福建,厦门,,,,0,专科,民办,,1906,批次=专科批,2026/6/15
2636,漳州科技职业学院,福建省教育厅,福建,漳州,,,,综合,专科,民办,,1905,批次=专科批,2026/6/15
2637,漳州理工职业学院,福建省教育厅,福建,漳州,,,,综合,专科,民办,,1911,批次=专科批,2026/6/15
2638,武夷山职业学院,福建省教育厅,福建,南平,,,,0,专科,民办,,1901,批次=专科批,2026/6/15
2639,泉州海洋职业学院,福建省教育厅,福建,泉州,,,,理工,专科,民办,,1902,批次=专科批,2026/6/15
2640,泉州轻工职业学院,福建省教育厅,福建,泉州,,,,综合,专科,民办,,2422,批次=专科批,2026/6/15
2641,厦门安防科技职业学院,福建省教育厅,福建,厦门,,,,0,专科,民办,,2423,批次=专科批,2026/6/15
2642,泉州工程职业技术学院,福建省教育厅,福建,泉州,,,,0,专科,民办,,3352,年份=年份,2026/6/15
2643,江西科技职业学院,江西省教育厅,江西,南昌,,,,0,专科,民办,,923,批次=专科批,2026/6/15
2644,江西航空职业技术学院,江西省教育厅,江西,南昌,,,,0,专科,民办,,953,批次=专科提前批,2026/6/15
2645,赣西科技职业学院,江西省教育厅,江西,新余,,,,0,专科,民办,,951,批次=专科批,2026/6/15
2646,江西新能源科技职业学院,江西省教育厅,江西,新余,,,,综合,专科,民办,,2441,批次=专科批,2026/6/15
2647,江西枫林涉外经贸职业学院,江西省教育厅,江西,九江,,,,0,专科,民办,,2442,批次=专科批,2026/6/15
2648,江西工商职业技术学院,江西省教育厅,江西,南昌,,,,0,专科,民办,,2888,批次=专科批,2026/6/15
2649,景德镇陶瓷职业技术学院,江西省教育厅,江西,景德镇,,,,0,专科,民办,,2963,批次=专科批,2026/6/15
2650,江西洪州职业学院,江西省教育厅,江西,宜春,,,,0,专科,民办,,3252,批次=专科批,2026/6/15
2651,南昌影视传播职业学院,江西省教育厅,江西,南昌,,,,0,专科,民办,,3248,批次=专科批,2026/6/15
2652,九江理工职业学院,江西省教育厅,江西,九江,,,,0,专科,民办,,3505,年份=2023,2026/6/15
2653,和君职业学院,江西省教育厅,江西,赣州,,,,0,专科,民办,,3577,批次=专科批,2026/6/15
2654,曲阜远东职业技术学院,山东省教育厅,山东,济宁,,,,0,专科,民办,,2137,批次=专科批,2026/6/15
2655,德州科技职业学院,山东省教育厅,山东,德州,,,,理工,专科,民办,,2140,年份=年份,2026/6/15
2656,山东力明科技职业学院,山东省教育厅,山东,泰安,,,,综合,专科,民办,,2139,批次=专科批,2026/6/15
2657,山东圣翰财贸职业学院,山东省教育厅,山东,济南,,,,0,专科,民办,,2138,年份=年份,2026/6/15
2658,青岛飞洋职业技术学院,山东省教育厅,山东,青岛,,,,0,专科,民办,,2152,省份=,2026/6/15
2659,青岛求实职业技术学院,山东省教育厅,山东,青岛,,,,0,专科,民办,,2149,批次=专科批,2026/6/15
2660,潍坊工商职业学院,山东省教育厅,山东,潍坊,,,,0,专科,民办,,2142,年份=年份,2026/6/15
2661,山东杏林科技职业学院,山东省教育厅,山东,济南,,,,0,专科,民办,,2147,省份=,2026/6/15
2662,山东文化产业职业学院,山东省教育厅,山东,青岛,,,,0,专科,民办,,2512,批次=专科批,2026/6/15
2663,山东海事职业学院,山东省教育厅,山东,潍坊,,,,0,专科,民办,,2928,年份=年份,2026/6/15
2664,山东艺术设计职业学院,山东省教育厅,山东,济南,,,,0,专科,民办,,3192,年份=年份,2026/6/15
2665,烟台黄金职业学院,山东省教育厅,山东,烟台,,,,0,专科,民办,,3217,年份=年份,2026/6/15
2666,日照航海工程职业学院,山东省教育厅,山东,日照,,,,0,专科,民办,,3360,批次=专科批,2026/6/15
2667,青岛航空科技职业学院,山东省教育厅,山东,青岛,,,,0,专科,民办,,3508,批次=专科批,2026/6/15
2668,潍坊环境工程职业学院,山东省教育厅,山东,潍坊,,,,0,专科,民办,,3509,年份=年份,2026/6/15
2669,滨州科技职业学院,山东省教育厅,山东,滨州,,,,0,专科,民办,,3578,年份=年份,2026/6/15
2670,郑州电子信息职业技术学院,河南省教育厅,河南,郑州,,,,0,专科,民办,,1150,年份=年份,2026/6/15
2671,嵩山少林武术职业学院,河南省教育厅,河南,郑州,,,,综合,专科,民办,,1943,年份=年份,2026/6/15
2672,郑州电力职业技术学院,河南省教育厅,河南,郑州,,,,理工,专科,民办,,1944,年份=年份,2026/6/15
2673,郑州城市职业学院,河南省教育厅,河南,郑州,,,,理工,专科,民办,,2454,年份=年份,2026/6/15
2674,焦作工贸职业学院,河南省教育厅,河南,焦作,,,,0,专科,民办,,2673,年份=年份,2026/6/15
2675,许昌陶瓷职业学院,河南省教育厅,河南,许昌,,,,0,专科,民办,,2675,年份=年份,2026/6/15
2676,郑州理工职业学院,河南省教育厅,河南,郑州,,,,0,专科,民办,,2676,年份=年份,2026/6/15
2677,郑州信息工程职业学院,河南省教育厅,河南,郑州,,,,0,专科,民办,,2677,批次=专科批,2026/6/15
2678,长垣烹饪职业技术学院,河南省教育厅,河南,新乡,,,,0,专科,民办,,2670,年份=年份,2026/6/15
2679,信阳涉外职业技术学院,河南省教育厅,河南,信阳,,,,0,专科,民办,,3091,年份=年份,2026/6/15
2680,鹤壁汽车工程职业学院,河南省教育厅,河南,鹤壁,,,,0,专科,民办,,2914,年份=年份,2026/6/15
2681,南阳职业学院,河南省教育厅,河南,南阳,,,,0,专科,民办,,2906,年份=年份,2026/6/15
2682,郑州商贸旅游职业学院,河南省教育厅,河南,郑州,,,,0,专科,民办,,3047,年份=年份,2026/6/15
2683,郑州黄河护理职业学院,河南省教育厅,河南,郑州,,,,0,专科,民办,,3036,年份=年份,2026/6/15
2684,洛阳科技职业学院,河南省教育厅,河南,洛阳,,,,综合,专科,民办,,3079,年份=年份,2026/6/15
2685,平顶山文化艺术职业学院,河南省教育厅,河南,平顶山,,,,0,专科,民办,,3373,年份=年份,2026/6/15
2686,信阳航空职业学院,河南省教育厅,河南,信阳,,,,0,专科,民办,,3365,年份=年份,2026/6/15
2687,林州建筑职业技术学院,河南省教育厅,河南,安阳,,,,0,专科,民办,,3516,年份=年份,2026/6/15
2688,郑州电子商务职业学院,河南省教育厅,河南,郑州,,,,0,专科,民办,,3517,年份=年份,2026/6/15
2689,郑州轨道工程职业学院,河南省教育厅,河南,郑州,,,,0,专科,民办,,3518,年份=年份,2026/6/15
2690,郑州体育职业学院,河南省教育厅,河南,郑州,,,,0,专科,民办,,3519,年份=年份,2026/6/15
2691,郑州城建职业学院,河南省教育厅,河南,郑州,,,,0,专科,民办,,3582,年份=年份,2026/6/15
2692,郑州医药健康职业学院,河南省教育厅,河南,郑州,,,,0,专科,民办,,3583,年份=年份,2026/6/15
2693,武汉工贸职业学院,湖北省教育厅,湖北,武汉,,,,0,专科,民办,,1976,省份=,2026/6/15
2694,湖北开放职业学院,湖北省教育厅,湖北,武汉,,,,0,专科,民办,,1978,年份=年份,2026/6/15
2695,武汉科技职业学院,湖北省教育厅,湖北,武汉,,,,0,专科,民办,,1980,年份=年份,2026/6/15
2696,武汉外语外事职业学院,湖北省教育厅,湖北,武汉,,,,0,专科,民办,,1977,批次=专科批,2026/6/15
2697,武汉信息传播职业技术学院,湖北省教育厅,湖北,武汉,,,,0,专科,民办,,1979,年份=年份,2026/6/15
2698,武昌职业学院,湖北省教育厅,湖北,武汉,,,,0,专科,民办,,1433,批次=专科提前批,2026/6/15
2699,武汉商贸职业学院,湖北省教育厅,湖北,武汉,,,,综合,专科,民办,,1424,批次=专科批,2026/6/15
2700,黄冈科技职业学院,湖北省教育厅,湖北,黄冈,,,,0,专科,民办,,1981,批次=专科批,2026/6/15
2701,长江艺术工程职业学院,湖北省教育厅,湖北,荆州,,,,0,专科,民办,,3377,批次=专科批,2026/6/15
2702,武汉光谷职业学院,湖北省教育厅,湖北,武汉,,,,0,专科,民办,,3291,批次=专科批,2026/6/15
2703,湖北健康职业学院,湖北省教育厅,湖北,咸宁,,,,0,专科,民办,,3520,年份=年份,2026/6/15
2704,湖北孝感美珈职业学院,湖北省教育厅,湖北,孝感,,,,0,专科,民办,,3584,年份=年份,2026/6/15
2705,长沙南方职业学院,湖南省教育厅,湖南,长沙,,,,0,专科,民办,,1017,年份=2021,2026/6/15
2706,潇湘职业学院,湖南省教育厅,湖南,娄底,,,,0,专科,民办,,2045,批次=专科批,2026/6/15
2707,湖南外国语职业学院,湖南省教育厅,湖南,长沙,,,,0,专科,民办,,2044,批次=专科批,2026/6/15
2708,湖南都市职业学院,湖南省教育厅,湖南,长沙,,,,0,专科,民办,,2047,批次=专科批,2026/6/15
2709,湖南电子科技职业学院,湖南省教育厅,湖南,长沙,,,,综合,专科,民办,,2046,批次=专科批,2026/6/15
2710,湖南高尔夫旅游职业学院,湖南省教育厅,湖南,常德,,,,0,专科,民办,,2678,批次=专科批,2026/6/15
2711,湖南工商职业学院,湖南省教育厅,湖南,衡阳,,,,0,专科,民办,,2679,批次=专科批,2026/6/15
2712,湖南三一工业职业技术学院,湖南省教育厅,湖南,长沙,,,,0,专科,民办,,3111,批次=专科批,2026/6/15
2713,湖南吉利汽车职业技术学院,湖南省教育厅,湖南,湘潭,,,,0,专科,民办,,3383,批次=专科批,2026/6/15
2714,潮汕职业技术学院,广东省教育厅,广东,揭阳,,,,0,专科,民办,,975,批次=专科批,2026/6/15
2715,私立华联学院,广东省教育厅,广东,广州,,,,0,专科,民办,,647,批次=专科批,2026/6/15
2716,广东新安职业技术学院,广东省教育厅,广东,深圳,,,,0,专科,民办,,973,批次=专科批,2026/6/15
2717,广州康大职业技术学院,广东省教育厅,广东,广州,,,,0,专科,民办,,1005,批次=专科批,2026/6/15
2718,珠海艺术职业学院,广东省教育厅,广东,珠海,,,,0,专科,民办,,649,批次=专科批,2026/6/15
2719,广东岭南职业技术学院,广东省教育厅,广东,广州,,,,综合,专科,民办,,995,批次=专科批,2026/6/15
2720,广东亚视演艺职业学院,广东省教育厅,广东,肇庆,,,,0,专科,民办,,631,批次=专科批,2026/6/15
2721,广州涉外经济职业技术学院,广东省教育厅,广东,广州,,,,0,专科,民办,,1001,批次=专科批,2026/6/15
2722,广州南洋理工职业学院,广东省教育厅,广东,广州,,,,综合,专科,民办,,636,批次=专科批,2026/6/15
2723,惠州经济职业技术学院,广东省教育厅,广东,惠州,,,,0,专科,民办,,989,批次=专科批,2026/6/15
2724,广州现代信息工程职业技术学院,广东省教育厅,广东,广州,,,,0,专科,民办,,999,批次=专科批,2026/6/15
2725,广州华南商贸职业学院,广东省教育厅,广东,广州,,,,0,专科,民办,,978,批次=专科批,2026/6/15
2726,广州华立科技职业学院,广东省教育厅,广东,广州,,,,综合,专科,民办,,990,批次=专科批,2026/6/15
2727,广州珠江职业技术学院,广东省教育厅,广东,广州,,,,综合,专科,民办,,2062,批次=专科批,2026/6/15
2728,广州松田职业学院,广东省教育厅,广东,广州,,,,0,专科,民办,,2063,批次=专科批,2026/6/15
2729,广东文理职业学院,广东省教育厅,广东,湛江,,,,综合,专科,民办,,2064,批次=专科批,2026/6/15
2730,广州城建职业学院,广东省教育厅,广东,广州,,,,理工,专科,民办,,1289,批次=专科批,2026/6/15
2731,广东南方职业学院,广东省教育厅,广东,江门,,,,综合,专科,民办,,2682,批次=专科批,2026/6/15
2732,广州华商职业学院,广东省教育厅,广东,广州,,,,综合,专科,民办,,2681,批次=专科批,2026/6/15
2733,广州华夏职业学院,广东省教育厅,广东,广州,,,,0,专科,民办,,2680,批次=专科批,2026/6/15
2734,广州东华职业学院,广东省教育厅,广东,广州,,,,0,专科,民办,,2942,批次=专科批,2026/6/15
2735,广东创新科技职业学院,广东省教育厅,广东,东莞,,,,理工,专科,民办,,2946,批次=专科批,2026/6/15
2736,广东信息工程职业学院,广东省教育厅,广东,肇庆,,,,0,专科,民办,,2944,批次=专科批,2026/6/15
2737,广东碧桂园职业学院,广东省教育厅,广东,清远,,,,0,专科,民办,,3238,批次=专科批,2026/6/15
2738,广东酒店管理职业技术学院,广东省教育厅,广东,东莞,,,,0,专科,民办,,3219,批次=专科批,2026/6/15
2739,广东肇庆航空职业学院,广东省教育厅,广东,肇庆,,,,0,专科,民办,,3589,批次=专科批,2026/6/15
2740,桂林生命与健康职业技术学院,广西壮族自治区教育厅,广西,桂林,,,,0,专科,民办,,3418,批次=专科批,2026/6/15
2741,桂林山水职业学院,广西壮族自治区教育厅,广西,桂林,,,,0,专科,民办,,1759,年份=2023,2026/6/15
2742,广西演艺职业学院,广西壮族自治区教育厅,广西,南宁,,,,0,专科,民办,,1761,年份=年份,2026/6/15
2743,广西英华国际职业学院,广西壮族自治区教育厅,广西,钦州,,,,0,专科,民办,,1755,批次=专科批,2026/6/15
2744,广西工程职业学院,广西壮族自治区教育厅,广西,百色,,,,综合,专科,民办,,1757,批次=专科批,2026/6/15
2745,广西理工职业技术学院,广西壮族自治区教育厅,广西,崇左,,,,理工,专科,民办,,2375,批次=专科批,2026/6/15
2746,广西经济职业学院,广西壮族自治区教育厅,广西,南宁,,,,0,专科,民办,,2376,批次=专科批,2026/6/15
2747,广西科技职业学院,广西壮族自治区教育厅,广西,崇左,,,,0,专科,民办,,2688,批次=专科批,2026/6/15
2748,广西培贤国际职业学院,广西壮族自治区教育厅,广西,百色,,,,0,专科,民办,,3212,年份=2023,2026/6/15
2750,玉柴职业技术学院,广西壮族自治区教育厅,广西,玉林,,,,0,专科,民办,,3389,省份=,2026/6/15
2751,广西蓝天航空职业学院,广西壮族自治区教育厅,广西,来宾,,,,0,专科,民办,,3390,年份=2021,2026/6/15
2752,梧州医学高等专科学校,广西壮族自治区教育厅,广西,梧州,,,,0,专科,民办,,3494,批次=专科批,2026/6/15
2753,北海康养职业学院,广西壮族自治区教育厅,广西,北海,,,,0,专科,民办,,3593,批次=专科批,2026/6/15
2754,三亚城市职业学院,海南省教育厅,海南,三亚,,,,0,专科,民办,,2292,批次=专科批,2026/6/15
2755,海南工商职业学院,海南省教育厅,海南,海口,,,,综合,专科,民办,,2689,批次=专科批,2026/6/15
2756,三亚航空旅游职业学院,海南省教育厅,海南,三亚,,,,综合,专科,民办,,2293,批次=专科批,2026/6/15
2757,三亚理工职业学院,海南省教育厅,海南,三亚,,,,综合,专科,民办,,2577,批次=专科批,2026/6/15
2758,三亚中瑞酒店管理职业学院,海南省教育厅,海南,三亚,,,,0,专科,民办,,3275,批次=专科批,2026/6/15
2759,海南健康管理职业技术学院,海南省教育厅,海南,澄迈,,,,0,专科,民办,,3279,年份=年份,2026/6/15
2760,重庆海联职业技术学院,重庆市教委,重庆,重庆,,,,0,专科,民办,,1498,批次=专科批,2026/6/15
2761,重庆信息技术职业学院,重庆市教委,重庆,重庆,,,,0,专科,民办,,1500,年份=2024,2026/6/15
2762,重庆传媒职业学院,重庆市教委,重庆,重庆,,,,综合,专科,民办,,1492,批次=专科批,2026/6/15
2763,重庆建筑科技职业学院,重庆市教委,重庆,重庆,,,,理工,专科,民办,,2081,批次=专科批,2026/6/15
2764,重庆应用技术职业学院,重庆市教委,重庆,重庆,,,,0,专科,民办,,1501,年份=年份,2026/6/15
2765,重庆科创职业学院,重庆市教委,重庆,重庆,,,,理工,专科,民办,,1348,年份=年份,2026/6/15
2766,重庆电讯职业学院,重庆市教委,重庆,重庆,,,,理工,专科,民办,,1593,年份=年份,2026/6/15
2767,重庆能源职业学院,重庆市教委,重庆,重庆,,,,理工,专科,民办,,1523,年份=年份,2026/6/15
2768,重庆交通职业学院,重庆市教委,重庆,重庆,,,,理工,专科,民办,,2691,年份=年份,2026/6/15
2769,重庆公共运输职业学院,重庆市教委,重庆,重庆,,,,理工,专科,民办,,2820,年份=年份,2026/6/15
2770,重庆艺术工程职业学院,重庆市教委,重庆,重庆,,,,0,专科,民办,,2818,批次=专科批,2026/6/15
2771,重庆轻工职业学院,重庆市教委,重庆,重庆,,,,0,专科,民办,,2916,批次=专科批,2026/6/15
2772,重庆电信职业学院,重庆市教委,重庆,重庆,,,,理工,专科,民办,,2821,年份=年份,2026/6/15
2773,重庆经贸职业学院,重庆市教委,重庆,重庆,,,,0,专科,民办,,2819,年份=年份,2026/6/15
2774,重庆科技职业学院,重庆市教委,重庆,重庆,,,,0,专科,民办,,3075,批次=专科批,2026/6/15
2775,重庆资源与环境保护职业学院,重庆市教委,重庆,重庆,,,,0,专科,民办,,3191,年份=年份,2026/6/15
2776,重庆护理职业学院,重庆市教委,重庆,重庆,,,,0,专科,民办,,3310,批次=专科批,2026/6/15
2777,重庆理工职业学院,重庆市教委,重庆,重庆,,,,0,专科,民办,,3523,年份=年份,2026/6/15
2778,重庆智能工程职业学院,重庆市教委,重庆,重庆,,,,0,专科,民办,,3524,批次=专科批,2026/6/15
2779,重庆健康职业学院,重庆市教委,重庆,重庆,,,,0,专科,民办,,3525,年份=年份,2026/6/15
2780,民办四川天一学院,四川省教育厅,四川,成都,,,,0,专科,民办,,783,批次=专科批,2026/6/15
2781,四川托普信息技术职业学院,四川省教育厅,四川,成都,,,,0,专科,民办,,788,批次=专科批,2026/6/15
2782,四川国际标榜职业学院,四川省教育厅,四川,成都,,,,综合,专科,民办,,781,批次=专科批,2026/6/15
2783,四川文化传媒职业学院,四川省教育厅,四川,成都,,,,0,专科,民办,,2092,批次=专科批,2026/6/15
2784,四川华新现代职业学院,四川省教育厅,四川,成都,,,,0,专科,民办,,2091,年份=年份,2026/6/15
2785,四川科技职业学院,四川省教育厅,四川,成都,,,,综合,专科,民办,,2090,年份=年份,2026/6/15
2786,四川城市职业学院,四川省教育厅,四川,成都,,,,综合,专科,民办,,2505,批次=专科批,2026/6/15
2787,四川现代职业学院,四川省教育厅,四川,成都,,,,0,专科,民办,,2504,批次=专科批,2026/6/15
2788,四川长江职业学院,四川省教育厅,四川,成都,,,,0,专科,民办,,2868,批次=专科批,2026/6/15
2789,四川三河职业学院,四川省教育厅,四川,泸州,,,,0,专科,民办,,3096,年份=年份,2026/6/15
2790,四川汽车职业技术学院,四川省教育厅,四川,绵阳,,,,0,专科,民办,,2918,批次=专科批,2026/6/15
2791,巴中职业技术学院,四川省教育厅,四川,巴中,,,,0,专科,民办,,3127,批次=专科批,2026/6/15
2792,四川希望汽车职业学院,四川省教育厅,四川,资阳,,,,0,专科,民办,,3072,批次=专科批,2026/6/15
2793,四川电子机械职业技术学院,四川省教育厅,四川,绵阳,,,,0,专科,民办,,3074,批次=专科批,2026/6/15
2794,四川文轩职业学院,四川省教育厅,四川,成都,,,,综合,专科,民办,,3095,批次=专科批,2026/6/15
2795,四川西南航空职业学院,四川省教育厅,四川,成都,,,,理工,专科,民办,,3200,批次=专科批,2026/6/15
2796,四川应用技术职业学院,四川省教育厅,四川,凉山,,,,0,专科,民办,,3391,批次=专科批,2026/6/15
2797,眉山药科职业学院,四川省教育厅,四川,眉山,,,,0,专科,民办,,3393,批次=专科批,2026/6/15
2798,天府新区信息职业学院,四川省教育厅,四川,眉山,,,,0,专科,民办,,3394,批次=专科批,2026/6/15
2799,德阳城市轨道交通职业学院,四川省教育厅,四川,德阳,,,,0,专科,民办,,3395,批次=专科批,2026/6/15
2800,德阳科贸职业学院,四川省教育厅,四川,德阳,,,,0,专科,民办,,3396,批次=专科批,2026/6/15
2801,江阳城建职业学院,四川省教育厅,四川,泸州,,,,0,专科,民办,,3397,年份=年份,2026/6/15
2802,天府新区航空旅游职业学院,四川省教育厅,四川,眉山,,,,0,专科,民办,,3398,批次=专科批,2026/6/15
2803,天府新区通用航空职业学院,四川省教育厅,四川,眉山,,,,0,专科,民办,,3399,年份=年份,2026/6/15
2804,南充科技职业学院,四川省教育厅,四川,南充,,,,0,专科,民办,,3435,年份=2023,2026/6/15
2805,攀枝花攀西职业学院,四川省教育厅,四川,攀枝花,,,,0,专科,民办,,3471,年份=年份,2026/6/15
2806,资阳口腔职业学院,四川省教育厅,四川,资阳,,,,0,专科,民办,,3439,批次=专科批,2026/6/15
2807,资阳环境科技职业学院,四川省教育厅,四川,资阳,,,,0,专科,民办,,3436,批次=专科批,2026/6/15
2808,南充电影工业职业学院,四川省教育厅,四川,南充,,,,0,专科,民办,,3527,批次=专科批,2026/6/15
2809,绵阳飞行职业学院,四川省教育厅,四川,绵阳,,,,0,专科,民办,,3528,批次=专科批,2026/6/15
2810,德阳农业科技职业学院,四川省教育厅,四川,德阳,,,,0,专科,民办,,3529,批次=专科批,2026/6/15
2811,泸州医疗器械职业学院,四川省教育厅,四川,泸州,,,,0,专科,民办,,3530,批次=专科批,2026/6/15
2812,自贡职业技术学院,四川省教育厅,四川,自贡,,,,0,专科,民办,,3596,年份=年份,2026/6/15
2813,广元中核职业技术学院,四川省教育厅,四川,广元,,,,0,专科,民办,,3421,批次=专科批,2026/6/15
2814,贵州城市职业学院,贵州省教育厅,贵州,贵阳,,,,综合,专科,民办,,2277,批次=专科批,2026/6/15
2815,贵州盛华职业学院,贵州省教育厅,贵州,黔南,,,,0,专科,民办,,3116,年份=年份,2026/6/15
2816,贵州工程职业学院,贵州省教育厅,贵州,铜仁,,,,0,专科,民办,,3205,年份=年份,2026/6/15
2817,贵州工贸职业学院,贵州省教育厅,贵州,毕节,,,,0,专科,民办,,3231,年份=年份,2026/6/15
2818,贵州应用技术职业学院,贵州省教育厅,贵州,黔南,,,,0,专科,民办,,3232,批次=专科批,2026/6/15
2819,贵州民用航空职业学院,贵州省教育厅,贵州,安顺,,,,0,专科,民办,,3549,批次=专科批,2026/6/15
2820,云南科技信息职业学院,云南省教育厅,云南,昆明,,,,0,专科,民办,,2188,年份=年份,2026/6/15
2821,昆明艺术职业学院,云南省教育厅,云南,昆明,,,,0,专科,民办,,2186,年份=2023,2026/6/15
2822,云南城市建设职业学院,云南省教育厅,云南,昆明,,,,0,专科,民办,,2183,批次=专科批,2026/6/15
2823,云南工程职业学院,云南省教育厅,云南,昆明,,,,0,专科,民办,,2182,年份=年份,2026/6/15
2824,云南新兴职业学院,云南省教育厅,云南,昆明,,,,综合,专科,民办,,2187,批次=专科批,2026/6/15
2825,云南三鑫职业技术学院,云南省教育厅,云南,文山,,,,0,专科,民办,,2527,批次=专科批,2026/6/15
2826,云南商务职业学院,云南省教育厅,云南,昆明,,,,0,专科,民办,,2692,批次=专科批,2026/6/15
2827,昆明卫生职业学院,云南省教育厅,云南,昆明,,,,0,专科,民办,,3041,批次=专科批,2026/6/15
2828,云南外事外语职业学院,云南省教育厅,云南,昆明,,,,0,专科,民办,,3044,年份=年份,2026/6/15
2829,云南医药健康职业学院,云南省教育厅,云南,昆明,,,,0,专科,民办,,3413,批次=专科批,2026/6/15
2830,云南理工职业学院,云南省教育厅,云南,昆明,,,,0,专科,民办,,3437,批次=专科批,2026/6/15
2831,西安高新科技职业学院,陕西省教育厅,陕西,西安,,,,0,专科,民办,,2264,批次=专科批,2026/6/15
2832,西安城市建设职业学院,陕西省教育厅,陕西,西安,,,,0,专科,民办,,2263,年份=年份,2026/6/15
2833,陕西电子信息职业技术学院,陕西省教育厅,陕西,西安,,,,理工,专科,民办,,1454,年份=年份,2026/6/15
2834,西安海棠职业学院,陕西省教育厅,陕西,西安,,,,0,专科,民办,,1284,批次=专科批,2026/6/15
2835,西安健康工程职业学院,陕西省教育厅,陕西,西安,,,,0,专科,民办,,3440,年份=年份,2026/6/15
2836,陕西旅游烹饪职业学院,陕西省教育厅,陕西,西安,,,,0,专科,民办,,2258,年份=年份,2026/6/15
2837,西安医学高等专科学校,陕西省教育厅,陕西,西安,,,,医药,专科,民办,,2565,年份=年份,2026/6/15
2838,宝鸡三和职业学院,陕西省教育厅,陕西,宝鸡,,,,0,专科,民办,,3474,年份=年份,2026/6/15
2839,榆林能源科技职业学院,陕西省教育厅,陕西,榆林,,,,0,专科,民办,,3538,年份=年份,2026/6/15
2840,宝鸡中北职业学院,陕西省教育厅,陕西,宝鸡,,,,0,专科,民办,,3598,年份=年份,2026/6/15
2841,兰州外语职业学院,甘肃省教育厅,甘肃,兰州,,,,0,专科,民办,,1588,年份=年份,2026/6/15
2842,兰州科技职业学院,甘肃省教育厅,甘肃,兰州,,,,0,专科,民办,,3155,年份=年份,2026/6/15
2843,白银希望职业技术学院,甘肃省教育厅,甘肃,白银,,,,0,专科,民办,,3601,批次=专科批,2026/6/15
2844,新疆能源职业技术学院,新疆维吾尔自治区教育厅,新疆,乌鲁木齐,,,,0,专科,民办,,2078,年份=年份,2026/6/15
2845,新疆现代职业技术学院,新疆维吾尔自治区教育厅,新疆,乌鲁木齐,,,,0,专科,民办,,2077,年份=年份,2026/6/15
2846,新疆科技职业技术学院,新疆维吾尔自治区教育厅,新疆,五家渠,,,,0,专科,民办,,3408,批次=专科批,2026/6/15
2847,新疆科信职业技术学院,新疆维吾尔自治区教育厅,新疆,乌鲁木齐,,,,0,专科,民办,,3476,年份=年份,2026/6/15
2848,焦作新材料职业学院,河南省教育厅,河南,焦作,,,,0,专科,民办,,3667,年份=年份,2026/6/15
2849,开封职业学院,河南省教育厅,河南,开封,,,,0,专科,民办,,3668,年份=年份,2026/6/15
2850,洛阳商业职业学院,河南省教育厅,河南,洛阳,,,,0,专科,民办,,3669,年份=年份,2026/6/15
2851,郑州软件职业技术学院,河南省教育厅,河南,郑州,,,,0,专科,民办,,3670,年份=年份,2026/6/15
2852,郑州智能科技职业学院,河南省教育厅,河南,郑州,,,,0,专科,民办,,3671,年份=年份,2026/6/15
2853,沧州航空职业学院,河北省教育厅,河北,沧州,,,,0,专科,民办,,3656,年份=年份,2026/6/15
2854,邯郸应用技术职业学院,河北省教育厅,河北,邯郸,,,,0,专科,民办,,3662,年份=年份,2026/6/15
2855,珠海格力职业学院,广东省教育厅,广东,珠海,,,,0,专科,民办,,3675,省份=,2026/6/15
2856,贵州铜仁数据职业学院,贵州省教育厅,贵州,铜仁,,,,0,专科,民办,,3635,年份=年份,2026/6/15
2857,潍坊食品科技职业学院,山东省教育厅,山东,潍坊,,,,0,专科,民办,,3634,年份=年份,2026/6/15
2858,烟台城市科技职业学院,山东省教育厅,山东,烟台,,,,0,专科,民办,,3642,年份=年份,2026/6/15
2859,郑州食品工程职业学院,河南省教育厅,河南,郑州,,,,0,专科,民办,,3643,年份=年份,2026/6/15
2860,郑州汽车工程职业学院,河南省教育厅,河南,郑州,,,,0,专科,民办,,3625,年份=年份,2026/6/15
2861,长沙轨道交通职业学院,湖南省教育厅,湖南,长沙,,,,0,专科,民办,,3673,年份=2024,2026/6/15
2862,长沙文创艺术职业学院,湖南省教育厅,湖南,长沙,,,,0,专科,民办,,3647,批次=专科批,2026/6/15
2863,岳阳现代服务职业学院,湖南省教育厅,湖南,岳阳,,,,0,专科,民办,,3648,批次=专科批,2026/6/15
2864,郴州思科职业学院,湖南省教育厅,湖南,郴州,,,,0,专科,民办,,3649,批次=专科批,2026/6/15
2865,衡阳科技职业学院,湖南省教育厅,湖南,衡阳,,,,0,专科,民办,,3650,批次=专科批,2026/6/15
2866,桂林信息工程职业学院,广西壮族自治区教育厅,广西,桂林,,,,0,专科,民办,,3651,批次=专科批,2026/6/15
2867,遂宁能源职业学院,四川省教育厅,四川,遂宁,,,,0,专科,民办,,3676,年份=年份,2026/6/15
2868,遂宁工程职业学院,四川省教育厅,四川,遂宁,,,,0,专科,民办,,3677,年份=年份,2026/6/15
2869,遂宁职业学院,四川省教育厅,四川,遂宁,,,,0,专科,民办,,3678,批次=专科批,2026/6/15
2870,长春数字科技职业学院,吉林省教育厅,吉林,长春,,,,0,专科,民办,,3683,年份=年份,2026/6/15
2871,芜湖医药健康职业学院,安徽省教育厅,安徽,芜湖,,,,0,专科,民办,,3695,年份=年份,2026/6/15
2872,芜湖航空职业学院,安徽省教育厅,安徽,芜湖,,,,0,专科,民办,,3696,年份=年份,2026/6/15
2873,蚌埠城市轨道交通职业学院,安徽省教育厅,安徽,蚌埠,,,,0,专科,民办,,3697,年份=年份,2026/6/15
2874,海南东方新丝路职业学院,海南省教育厅,海南,东方,,,,0,专科,民办,,3698,批次=专科批,2026/6/15
2875,邢台新能源职业学院,河北省教育厅,河北,邢台,,,,0,专科,民办,,3710,年份=年份,2026/6/15
2876,江西樟树中医药职业学院,江西省教育厅,江西,宜春,,,,0,专科,民办,,3706,年份=年份,2026/6/15
2877,赣东职业技术学院,江西省教育厅,江西,抚州,,,,0,专科,民办,,3707,年份=年份,2026/6/15
2878,德州工程职业学院,山东省教育厅,山东,德州,,,,0,专科,民办,,3709,年份=年份,2026/6/15
2879,日照康养职业学院,山东省教育厅,山东,日照,,,,0,专科,民办,,3690,年份=年份,2026/6/15
2880,信阳科技职业学院,河南省教育厅,河南,信阳,,,,0,专科,民办,,3727,年份=年份,2026/6/15
2881,信阳工程职业学院,河南省教育厅,河南,信阳,,,,0,专科,民办,,3720,年份=年份,2026/6/15
2882,周口城市职业学院,河南省教育厅,河南,周口,,,,0,专科,民办,,3721,年份=年份,2026/6/15
2883,河南新乡工商职业学院,河南省教育厅,河南,新乡,,,,0,专科,民办,,3722,年份=年份,2026/6/15
2884,重庆数字产业职业技术学院,重庆市教委,重庆,重庆,,,,0,专科,民办,,3681,年份=年份,2026/6/15
2885,重庆现代制造职业学院,重庆市教委,重庆,重庆,,,,0,专科,民办,,3711,批次=专科批,2026/6/15
2886,成都轨道交通职业学院,四川省教育厅,四川,成都,,,,0,专科,民办,,3729,年份=年份,2026/6/15
2887,长沙医药健康职业学院,湖南省教育厅,湖南,长沙,,,,,专科,民办,,3738,批次=专科批,2026/6/15
2888,三亚护理职业学院,海南省教育厅,海南,三亚,,,,,专科,民办,,3739,批次=专科批,2026/6/15
2889,大同数据科技职业学院,山西省教育厅,山西,大同,,,,,专科,民办,,3755,年份=年份,2026/6/15
2890,长沙科技职业学院,湖南省教育厅,湖南,长沙,,,,,专科,民办,,3756,批次=专科批,2026/6/15
2891,株洲科技职业学院,湖南省教育厅,湖南,株洲,,,,,专科,民办,,3757,年份=年份,2026/6/15
2892,衡阳理工职业学院,湖南省教育厅,湖南,衡阳,,,,,专科,民办,,3758,批次=专科批,2026/6/15
2893,郴州智能科技职业学院,湖南省教育厅,湖南,郴州,,,,,专科,民办,,3759,批次=专科批,2026/6/15
2894,鹰潭卫生职业学院,江西省教育厅,江西,鹰潭,,,,,专科,民办,,3751,年份=年份,2026/6/15
2895,石家庄金融职业学院,河北省教育厅,河北,石家庄,,,,,专科,民办,,3781,年份=年份,2026/6/15
2896,石家庄农林职业学院,河北省教育厅,河北,石家庄,,,,,专科,民办,,3782,年份=年份,2026/6/15
2897,哈尔滨商贸职业学院,黑龙江省教育厅,黑龙江,哈尔滨,,,,,专科,民办,,3783,批次=专科批,2026/6/15
2898,齐齐哈尔立德健康职业学院,黑龙江省教育厅,黑龙江,齐齐哈尔,,,,,专科,民办,,3784,批次=专科批,2026/6/15
2899,湖州健康职业学院,浙江省教育厅,浙江,湖州,,,,,专科,民办,,3787,年份=年份,2026/6/15
2900,赣州起元职业学院,江西省教育厅,江西,赣州,,,,,专科,民办,,3791,年份=年份,2026/6/15
2901,赣州远恒佳职业学院,江西省教育厅,江西,赣州,,,,,专科,民办,,3792,年份=年份,2026/6/15
2902,济宁汽车工程职业学院,山东省教育厅,山东,济宁,,,,,专科,民办,,3794,年份=年份,2026/6/15
2903,日照科技职业学院,山东省教育厅,山东,日照,,,,,专科,民办,,3795,年份=年份,2026/6/15
2904,枣庄应用技术职业学院,山东省教育厅,山东,枣庄,,,,,专科,民办,,3796,年份=年份,2026/6/15
2905,临沂城市职业学院,山东省教育厅,山东,临沂,,,,,专科,民办,,3797,年份=年份,2026/6/15
2906,菏泽生物医药职业学院,山东省教育厅,山东,菏泽,,,,,专科,民办,,3798,年份=年份,2026/6/15
2907,开封工程职业学院,河南省教育厅,河南,开封,,,,,专科,民办,,3799,省份=,2026/6/15
2908,开封智慧健康职业学院,河南省教育厅,河南,开封,,,,,专科,民办,,3800,省份=,2026/6/15
2909,周口智慧能源职业学院,河南省教育厅,河南,周口,,,,,专科,民办,,3801,省份=,2026/6/15
2910,平顶山科技职业学院,河南省教育厅,河南,平顶山,,,,,专科,民办,,3802,省份=,2026/6/15
2911,岳阳科技职业学院,湖南省教育厅,湖南,岳阳,,,,,专科,民办,,3803,省份=,2026/6/15
2912,邵阳通航职业技术学院,湖南省教育厅,湖南,邵阳,,,,,专科,民办,,3804,省份=,2026/6/15
2913,重庆安防职业学院,重庆市教委,重庆,重庆,,,,,专科,民办,,3806,年份=年份,2026/6/15
2914,昆明航空职业学院,云南省教育厅,云南,昆明,,,,,专科,民办,,3807,省份=,2026/6/15
2915,苏州百年职业学院,江苏省教育厅,江苏,苏州,,,,0,专科,中外合作办学,,1097,批次=专科批,2026/6/15
2916,福州墨尔本理工职业学院,福建省教育厅,福建,福州,,,,0,专科,中外合作办学,,3259,批次=专科批,2026/6/15
2917,郑州亚欧交通职业学院,河南省教育厅,河南,郑州,,,,0,专科,中外合作办学,,3466,年份=年份,2026/6/15
2918,复旦大学上海医学院,教育部,上海,上海,985,211,双一流,,本科,,,3427,无专业数据,2026/6/15
2919,上海交通大学医学院,教育部,上海,上海,985,211,双一流,,本科,,,75,无专业数据,2026/6/15
2920,北京大学医学部,教育部,北京,北京,985,211,双一流,,本科,,,1217,无专业数据,2026/6/15
2922,哈尔滨工业大学（深圳）,工业和信息化部,黑龙江,哈尔滨,985,211,双一流,,本科,,,3255,无专业数据,2026/6/15
2923,中国人民大学（苏州校区）,工业和信息化部,浙江,苏州,985,211,双一流,,本科,,,3150,无专业数据,2026/6/15
2924,浙江大学医学院,教育部,浙江,杭州,985,211,双一流,,本科,,,3429,无专业数据,2026/6/15
2926,哈尔滨工业大学（威海）,工业和信息化部,山东,威海,985,211,双一流,,本科,,,1457,无专业数据,2026/6/15
2927,中国人民解放军国防科技大学,,,,,,,,,,,939,批次=本科提前批,2026/6/15
2938,北京师范大学（珠海校区）,,,,,,,,,,,3825,无专业数据,2026/6/15
2942,山东大学（威海）,教育部,山东,威海,985,211,双一流,,本科,,,1219,无专业数据,2026/6/15
2944,东北大学秦皇岛分校,教育部,河北,秦皇岛,985,211,双一流,,本科,,,1218,无专业数据,2026/6/15
2945,华北电力大学（北京）,教育部,北京,北京,0,211,双一流,,本科,,,831,无专业数据,2026/6/15
2948,华北电力大学（保定）,教育部,河北,保定,0,211,双一流,,本科,,,591,无专业数据,2026/6/15
2950,大连理工大学（盘锦校区）,教育部,辽宁,盘锦,985,211,双一流,,本科,,,3122,无专业数据,2026/6/15
2981,北京交通大学（威海校区）,教育部,山东,威海,0,211,双一流,,本科,,,3828,无专业数据,2026/6/15
2990,中国石油大学（北京）克拉玛依校区,教育部,新疆,克拉玛依,0,211,双一流,,本科,,,3311,无专业数据,2026/6/15
2993,合肥工业大学（宣城校区）,教育部,安徽,合肥,0,211,双一流,,本科,,,3152,无专业数据,2026/6/15
2994,中国人民解放军陆军军医大学,,,,,,,,,,,1227,无专业数据,2026/6/15
3002,滨州医学院,山东省,山东,滨州,0,0,0,,本科,,,64,无专业数据,2026/6/15
3012,防灾科技学院,中国地震局,河北,廊坊,0,0,0,,本科,,,653,年份=2024,2026/6/15
3022,南昌大学抚州医学院,,,,,,,,,,,3422,年份=年份,2026/6/15
3030,内蒙古科技大学包头医学院,,,,,,,,,,,2616,年份=年份,2026/6/15
3042,内蒙古科技大学包头师范学院,,,,,,,,,,,2617,年份=年份,2026/6/15
3055,香港珠海学院,,,,,,,,,,,3008,无专业数据,2026/6/15
3058,海军军医大学,,,,,,,,,,,936,年份=年份,2026/6/15
3059,中国人民解放军空军军医大学,,,,,,,,,,,937,批次=本科提前批,2026/6/15
3061,空军预警学院,,,,,,,,,,,1160,批次=本科提前批,2026/6/15
3062,武警后勤学院,,,,,,,,,,,1211,省份=,2026/6/15
3063,武警工程大学,,,,,,,,,,,1213,批次=本科提前批,2026/6/15
3065,香港中文大学,,,,,,,,,,,1220,批次=本科提前批,2026/6/15
3066,香港城市大学,,,,,,,,,,,1221,批次=本科提前批,2026/6/15
3067,网络空间部队信息工程大学,,,,,,,,,,,1222,批次=本科提前批,2026/6/15
3068,解放军国际关系学院,,,,,,,,,,,1223,省份=,2026/6/15
3069,中国人民解放军西安通信学院,,,,,,,,,,,1224,省份=,2026/6/15
3070,联勤保障部队工程大学,,,,,,,,,,,1226,批次=本科提前批,2026/6/15
3072,陆军装甲兵学院,,,,,,,,,,,1229,年份=2024,2026/6/15
3073,中国人民解放军空军工程大学,,,,,,,,,,,1230,批次=本科提前批,2026/6/15
3074,火箭军工程大学,,,,,,,,,,,1231,批次=本科提前批,2026/6/15
3075,香港科技大学,,,,,,,,,,,1233,省份=,2026/6/15
3076,香港大学,,,,,,,,,,,1234,省份=,2026/6/15
3077,陆军军事交通学院,,,,,,,,,,,1253,年份=2024,2026/6/15
3078,香港演艺学院,,,,,,,,,,,1270,省份=,2026/6/15
3079,澳门理工大学,,,,,,,,,,,1272,省份=,2026/6/15
3080,香港理工大学,,,,,,,,,,,1287,省份=,2026/6/15
3081,陆军防化学院,,,,,,,,,,,1309,批次=本科提前批,2026/6/15
3082,解放军陆军航空兵学院,,,,,,,,,,,1310,省份=,2026/6/15
3083,军事航天部队航天工程大学,,,,,,,,,,,1311,批次=本科提前批,2026/6/15
3084,陆军工程大学,,,,,,,,,,,1312,无专业数据,2026/6/15
3085,海军航空大学,,,,,,,,,,,1321,批次=本科提前批,2026/6/15
3086,海南经贸职业大学,,,,,,,,,,,1404,批次=专科批,2026/6/15
3088,和田师范专科学校,,,,,,,,,,,2065,年份=2023,2026/6/15
3089,新疆维吾尔医学专科学校,,,,,,,,,,,2067,年份=年份,2026/6/15
3090,香港教育大学,,,,,,,,,,,2602,省份=,2026/6/15
3091,岭南大学,,,,,,,,,,,2619,省份=,2026/6/15
3092,空军勤务学院,,,,,,,,,,,2620,省份=,2026/6/15
3093,中国人民解放军海军大连舰艇学院,,,,,,,,,,,2621,批次=本科提前批,2026/6/15
3094,海军工程大学,,,,,,,,,,,2622,批次=本科提前批,2026/6/15
3095,空军航空大学,,,,,,,,,,,2623,批次=本科提前批,2026/6/15
3096,解放军电子工程学院,,,,,,,,,,,2625,省份=,2026/6/15
3097,香港浸会大学,,,,,,,,,,,2626,省份=,2026/6/15
3098,甘肃机电职业技术学院,,,,,,,,,,,2695,年份=年份,2026/6/15
3099,澳门科技大学,,,,,,,,,,,2809,省份=,2026/6/15
3100,澳门大学,,,,,,,,,,,2810,省份=,2026/6/15
3101,澳门旅游大学,,,,,,,,,,,2811,省份=,2026/6/15
3102,首都师范大学继续教育学院,,,,,,,,,,,2814,省份=,2026/6/15
3103,河北青年管理干部学院,,,,,,,,,,,2856,年份=年份,2026/6/15
3104,山西青年职业学院,,,,,,,,,,,2861,年份=年份,2026/6/15
3105,山西省政法管理干部学院,,,,,,,,,,,2866,年份=年份,2026/6/15
3106,西安电力机械制造公司机电学院,,,,,,,,,,,2874,年份=年份,2026/6/15
3107,陕西航天职工大学,,,,,,,,,,,2875,年份=年份,2026/6/15
3108,陕西省建筑工程总公司职工大学,,,,,,,,,,,2878,年份=年份,2026/6/15
3109,吉林省经济管理干部学院,,,,,,,,,,,2886,年份=年份,2026/6/15
3110,首都经济贸易大学密云分校,,,,,,,,,,,2953,年份=年份,2026/6/15
3111,吉林省教育学院,,,,,,,,,,,2956,省份=,2026/6/15
3112,陆军兵种大学,,,,,,,,,,,2971,批次=本科提前批,2026/6/15
3113,陆军指挥学院,,,,,,,,,,,2972,省份=,2026/6/15
3114,中国人民解放军陆军步兵学院,,,,,,,,,,,2973,批次=本科提前批,2026/6/15
3115,解放军工程兵学院,,,,,,,,,,,2977,省份=,2026/6/15
3116,中国人民解放军海军潜艇学院,,,,,,,,,,,2978,年份=年份,2026/6/15
3117,空军指挥学院,,,,,,,,,,,2983,省份=,2026/6/15
3118,解放军空军第一航空学院,,,,,,,,,,,2985,省份=,2026/6/15
3119,解放军空军西安飞行学院,,,,,,,,,,,2986,省份=,2026/6/15
3120,解放军装甲兵学院,,,,,,,,,,,2989,省份=,2026/6/15
3121,解放军装甲兵技术学院,,,,,,,,,,,2990,省份=,2026/6/15
3122,中国人民解放军陆军边海防学院,,,,,,,,,,,2992,年份=2024,2026/6/15
3123,武警指挥学院,,,,,,,,,,,2994,省份=,2026/6/15
3124,武警警官学院,,,,,,,,,,,2995,批次=本科提前批,2026/6/15
3125,北京理工大学国际教育学院,,,,,,,,,,,3000,省份=,2026/6/15
3126,北京航空航天大学软件学院,,,,,,,,,,,3006,省份=,2026/6/15
3127,香港都会大学,,,,,,,,,,,3007,省份=,2026/6/15
3129,厦门大学国际学院,,,,,,,,,,,3146,省份=,2026/6/15
3132,山东职业学院西校区,,,,,,,,,,,3158,省份=,2026/6/15
3133,香港树仁大学,,,,,,,,,,,3243,省份=,2026/6/15
3134,澳门城市大学,,,,,,,,,,,3244,省份=,2026/6/15
3139,中国人民解放军陆军特种作战学院,,,,,,,,,,,3442,年份=2024,2026/6/15
3140,中国人民武装警察部队特种警察学院,,,,,,,,,,,3443,年份=2023,2026/6/15
3141,厦门大学马来西亚分校,,,,,,,,,,,3448,年份=年份,2026/6/15
3142,西南财经大学特拉华数据科学学院,,,,,,,,,,,3486,年份=2024,2026/6/15
3143,海军指挥学院,,,,,,,,,,,3543,省份=,2026/6/15
3144,海军勤务学院,,,,,,,,,,,3544,省份=,2026/6/15
3145,中国人民武装警察部队指挥学院,,,,,,,,,,,3545,省份=,2026/6/15
3146,贵州财经大学西密歇根学院,,,,,,,,,,,3546,省份=,2026/6/15
3147,中国人民解放军海军士官学校,,,,,,,,,,,3548,省份=,2026/6/15
3148,解放军空军石家庄飞行学院,,,,,,,,,,,3552,省份=,2026/6/15
3149,电子科技大学格拉斯哥学院,,,,,,,,,,,3567,省份=,2026/6/15
3150,香港恒生大学,,,,,,,,,,,3568,省份=,2026/6/15
3151,重庆移通学院德国工程学院,,,,,,,,,,,3569,年份=年份,2026/6/15
3152,集美大学海外教育学院,,,,,,,,,,,3570,省份=,2026/6/15
3153,西南大学西塔学院,,,,,,,,,,,3604,年份=年份,2026/6/15
3154,重庆医科大学莱斯特大学联合学院,,,,,,,,,,,3605,年份=2024,2026/6/15
3155,贵州大学北阿拉巴马国际工程技术学院,,,,,,,,,,,3612,年份=2024,2026/6/15
3156,北京理工大学珠海学院布莱恩特学院,,,,,,,,,,,3613,省份=,2026/6/15
3157,华北水利水电大学乌拉尔学院,,,,,,,,,,,3628,年份=年份,2026/6/15
3158,西南大学马克思主义学院,,,,,,,,,,,3682,省份=,2026/6/15
3159,北京理工大学（珠海）,,,,,,,,,,,3686,省份=,2026/6/15
3160,德州理工职业学院,,,,,,,,,,,3692,省份=,2026/6/15
3161,康复大学（停用）,,,,,,,,,,,3702,省份=,2026/6/15
3162,GEC国际预科中心,,,,,,,,,,,3719,省份=,2026/6/15
3163,英国曼彻斯特大学等名校联盟海南联合校区,,,,,,,,,,,3724,省份=,2026/6/15
3164,海南医科大学西英格兰学院,,,,,,,,,,,3728,年份=2024,2026/6/15
3165,华南师范大学教育科学学院,,,,,,,,,,,3737,省份=,2026/6/15
3166,哈尔滨工程大学后勤办公室,,,,,,,,,,,3740,省份=,2026/6/15
3167,电子科技大学人才办,,,,,,,,,,,3741,省份=,2026/6/15
3168,哈尔滨工程大学核学院,,,,,,,,,,,3742,省份=,2026/6/15
3169,中国教育在线政企,,,,,,,,,,,3743,省份=,2026/6/15
3170,华南师范大学国际本科项目,,,,,,,,,,,3744,省份=,2026/6/15
3171,兰州大学管理学院,,,,,,,,,,,3745,省份=,2026/6/15
3172,湖北开放大学,,,,,,,,,,,3747,省份=,2026/6/15
3173,广东财经大学继续教育学院,,,,,,,,,,,3748,省份=,2026/6/15
3174,河南科技学院人工智能学院,,,,,,,,,,,3749,省份=,2026/6/15
3175,湖南大学心理健康教育中心,,,,,,,,,,,3750,省份=,2026/6/15
3176,上海工程技术大学教务处,,,,,,,,,,,3761,省份=,2026/6/15
3177,南方医科大学继续教育学院,,,,,,,,,,,3762,省份=,2026/6/15
3178,上海外国语大学教务处,,,,,,,,,,,3765,省份=,2026/6/15
3179,安阳学院原阳校区,,,,,,,,,,,3768,省份=,2026/6/15
3180,安徽大学纽约石溪学院,,,,,,,,,,,3769,年份=2024,2026/6/15
3181,吉林财经大学教务处,,,,,,,,,,,3771,省份=,2026/6/15
3182,重庆城市科技学院人工智能与大数据学院,,,,,,,,,,,3772,省份=,2026/6/15
3183,上海电机学院教务处,,,,,,,,,,,3773,省份=,2026/6/15
3184,东北大学各省份招生咨询群,,,,,,,,,,,3774,省份=,2026/6/15
3185,东北大学各专业招生咨询电话,,,,,,,,,,,3775,省份=,2026/6/15
3186,东北大学智能客服,,,,,,,,,,,3776,省份=,2026/6/15
3187,北部湾大学财务处,,,,,,,,,,,3777,省份=,2026/6/15
3188,信息支援部队工程大学,,,,,,,,,,,3778,年份=年份,2026/6/15
3189,琼台师范学院北安普顿国际学院,,,,,,,,,,,3779,省份=,2026/6/15
3190,浙江工商大学人民武装学院,,,,,,,,,,,3780,省份=,2026/6/15
3191,成都东软学院（中外合作办学项目）,,,,,,,,,,,3816,年份=年份,2026/6/15
3192,汕头大学医学院,,,,,,,,,,,3817,无专业数据,2026/6/15
3193,廊坊职业技术学院继续教育学部,,,,,,,,,,,3818,省份=,2026/6/15
3194,华南师范大学教师教育学部,,,,,,,,,,,3819,省份=,2026/6/15
3195,广西金融职业技术学院金融学院,,,,,,,,,,,3821,省份=,2026/6/15
3196,山西医科大学继续教育学院,,,,,,,,,,,3822,省份=,2026/6/15
3197,共青科技职业学院,,,,,,,,,,,3823,省份=,2026/6/15
3198,大连艺术学院新闻中心,,,,,,,,,,,3824,省份=,2026/6/15
3200,湖北生态工程职业技术学院就业办,,,,,,,,,,,3826,省份=,2026/6/15
3201,昆明理工大学城市学院,,,,,,,,,,,3827,省份=,2026/6/15
3203,上海思博职业技术学院工学院,,,,,,,,,,,3829,省份=,2026/6/15
3204,河北化工医药职业技术学院质量检测与管理系,,,,,,,,,,,3830,省份=,2026/6/15
3205,河海大学-农业科学与工程学院,,,,,,,,,,,3832,省份=,2026/6/15
3206,西北大学财务处,,,,,,,,,,,3833,省份=,2026/6/15
3207,共青团华南师范大学委员会,,,,,,,,,,,3834,省份=,2026/6/15
3208,新高教集团品宣部,,,,,,,,,,,3835,省份=,2026/6/15
3209,天津理工大学伯恩茅斯学院,,,,,,,,,,,3836,省份=,2026/6/15
3210,上海海洋大学宿舍搬迁,,,,,,,,,,,3837,省份=,2026/6/15
3211,南京大学体验,,,,,,,,,,,3838,省份=,2026/6/15
3212,南京工业大学体验,,,,,,,,,,,3839,省份=,2026/6/15
3213,中山大学体验,,,,,,,,,,,3840,省份=,2026/6/15
3214,武汉工商学院体验,,,,,,,,,,,3841,省份=,2026/6/15
3215,中国民航大学体验,,,,,,,,,,,3842,省份=,2026/6/15
3216,东北大学体验,,,,,,,,,,,3843,省份=,2026/6/15
3217,中国政法大学体验,,,,,,,,,,,3844,省份=,2026/6/15
3218,华东理工大学体验,,,,,,,,,,,3845,省份=,2026/6/15
3219,广西大学体验,,,,,,,,,,,3846,省份=,2026/6/15
3220,海南大学体验,,,,,,,,,,,3847,省份=,2026/6/15
3221,四川大学体验,,,,,,,,,,,3848,省份=,2026/6/15
3222,西藏大学体验,,,,,,,,,,,3849,省份=,2026/6/15
3223,陇南师范学院体验,,,,,,,,,,,3850,省份=,2026/6/15
3224,石河子大学体验,,,,,,,,,,,3851,省份=,2026/6/15
3225,重庆大学体验,,,,,,,,,,,3852,省份=,2026/6/15
3226,太原理工大学体验,,,,,,,,,,,3853,省份=,2026/6/15
3227,内蒙古大学体验,,,,,,,,,,,3854,省份=,2026/6/15
3228,东北师范大学体验,,,,,,,,,,,3855,省份=,2026/6/15
3229,哈尔滨工程大学体验,,,,,,,,,,,3856,省份=,2026/6/15
3230,浙大城市学院体验,,,,,,,,,,,3857,省份=,2026/6/15
3231,安徽大学体验,,,,,,,,,,,3858,省份=,2026/6/15
3232,福建师范大学体验,,,,,,,,,,,3859,省份=,2026/6/15
3233,南昌大学体验,,,,,,,,,,,3860,省份=,2026/6/15
3234,中国海洋大学体验,,,,,,,,,,,3861,省份=,2026/6/15
3235,武汉理工大学体验,,,,,,,,,,,3862,省份=,2026/6/15
3236,中南大学体验,,,,,,,,,,,3863,省份=,2026/6/15
3237,贵州师范大学体验,,,,,,,,,,,3864,省份=,2026/6/15
3238,云南大学体验,,,,,,,,,,,3865,省份=,2026/6/15
3239,西安交通大学体验,,,,,,,,,,,3866,省份=,2026/6/15
3240,青海大学体验,,,,,,,,,,,3867,省份=,2026/6/15
3241,北方民族大学体验,,,,,,,,,,,3868,省份=,2026/6/15
3242,中国石油大学（华东）体验,,,,,,,,,,,3869,省份=,2026/6/15
3243,石家庄邮电职业技术学院体验,,,,,,,,,,,3870,省份=,2026/6/15
3244,河南大学体验,,,,,,,,,,,3871,省份=,2026/6/15
3245,东北电力大学体验,,,,,,,,,,,3872,省份=,2026/6/15
3246,网络空间安全学院,,,,,,,,,,,3873,省份=,2026/6/15
3247,内蒙古工业大学体验,,,,,,,,,,,3874,省份=,2026/6/15
3248,玉林师范学院继续教育学院,,,,,,,,,,,3875,省份=,2026/6/15
3249,重庆工商大学国际商学院,,,,,,,,,,,3876,省份=,2026/6/15
3250,重庆开放大学继续教育,,,,,,,,,,,3877,省份=,2026/6/15
3251,吉首大学学报编辑部,,,,,,,,,,,3878,省份=,2026/6/15
3252,西南交通大学智慧城市与交通学院,,,,,,,,,,,3879,省份=,2026/6/15
3253,河南信息科技学院,,,,,,,,,,,3880,省份=,2026/6/15
3254,海南热带海洋学院国际学院,,,,,,,,,,,3881,无专业数据,2026/6/15
3255,延边应用技术学院,,,,,,,,,,,3882,省份=,2026/6/15
3256,广安理工学院,,,,,,,,,,,3883,省份=,2026/6/15
3257,重庆师范大学柴可夫斯基音乐学院,,,,,,,,,,,3884,省份=,2026/6/15
3258,重庆师范大学重庆柴可夫斯基音乐学院,,,,,,,,,,,3885,省份=,2026/6/15
3259,高招直播,,,,,,,,,,,3886,省份=,2026/6/15
3260,张家口应用技术职业学院,,,,,,,,,,,3887,省份=,2026/6/15
3261,石家庄康养职业学院,,,,,,,,,,,3888,省份=,2026/6/15
3262,军事航天部队航天工程大学主服务,,,,,,,,,,,3889,省份=,2026/6/15
3263,辛集应用技术职业学院,,,,,,,,,,,3890,省份=,2026/6/15
3264,太原卫生职业学院,,,,,,,,,,,3891,省份=,2026/6/15
3265,新疆石河子航空职业学院,,,,,,,,,,,3892,省份=,2026/6/15
3266,青岛健康科技职业学院,,,,,,,,,,,3893,省份=,2026/6/15
3267,忻州现代康养职业学院,,,,,,,,,,,3894,省份=,2026/6/15
3268,朝阳职业技术学院,,,,,,,,,,,3895,省份=,2026/6/15
3269,德州智能技术职业学院,,,,,,,,,,,3896,省份=,2026/6/15
3270,哈尔滨健康职业学院,,,,,,,,,,,3897,省份=,2026/6/15
3271,滨州健康科技职业学院,,,,,,,,,,,3898,省份=,2026/6/15
3272,广东制造职业技术学院,,,,,,,,,,,3899,省份=,2026/6/15
3273,贺州职业技术学院,,,,,,,,,,,3900,省份=,2026/6/15
3274,北海海运职业学院,,,,,,,,,,,3901,省份=,2026/6/15
3275,防城港现代食药品职业学院,,,,,,,,,,,3902,省份=,2026/6/15
3276,贵港应用技术职业学院,,,,,,,,,,,3903,省份=,2026/6/15
3277,安徽特殊教育职业学院,,,,,,,,,,,3904,省份=,2026/6/15
3278,鄱阳职业学院,,,,,,,,,,,3905,省份=,2026/6/15
3279,海南万宁食品药品职业学院,,,,,,,,,,,3906,省份=,2026/6/15
3280,萍乡职业技术学院,,,,,,,,,,,3907,省份=,2026/6/15
3281,重庆城乡发展职业学院,,,,,,,,,,,3908,省份=,2026/6/15
3282,重庆中药职业学院,,,,,,,,,,,3909,省份=,2026/6/15
3283,景德镇卫生健康职业学院,,,,,,,,,,,3910,省份=,2026/6/15
3284,四川中医药职业学院,,,,,,,,,,,3911,省份=,2026/6/15
3285,四川质量工程职业技术学院,,,,,,,,,,,3912,省份=,2026/6/15
3286,济宁卫生健康职业学院,,,,,,,,,,,3913,省份=,2026/6/15
3287,南充卫生职业学院,,,,,,,,,,,3914,省份=,2026/6/15
3288,固原农林职业技术学院,,,,,,,,,,,3915,省份=,2026/6/15
3289,胡杨河职业技术学院,,,,,,,,,,,3916,省份=,2026/6/15
3290,宁夏闽江应用技术学院,,,,,,,,,,,3917,省份=,2026/6/15
3291,河南国医学院,,,,,,,,,,,3918,省份=,2026/6/15
,耀中幼教学院,,,,,,,,,,,3919,省份=,2026/6/15
,聊城大学哈瓦那学院,,,,,,,,,,,3920,省份=,2026/6/15
